{
"meta":{"test_sets":[],"test_metrics":[],"learn_metrics":[{"best_value":"Min","name":"RMSE"}],"launch_mode":"Train","parameters":"","iteration_count":1000,"learn_sets":["learn"],"name":"experiment"},
"iterations":[
{"learn":[2.997765809],"iteration":0,"passed_time":0.02330121487,"remaining_time":23.27791366},
{"learn":[2.938870739],"iteration":1,"passed_time":0.0489949841,"remaining_time":24.44849707},
{"learn":[2.886200598],"iteration":2,"passed_time":0.07270794063,"remaining_time":24.16327227},
{"learn":[2.839043097],"iteration":3,"passed_time":0.09358325807,"remaining_time":23.30223126},
{"learn":[2.79703631],"iteration":4,"passed_time":0.1135216806,"remaining_time":22.59081444},
{"learn":[2.760203171],"iteration":5,"passed_time":0.1327057785,"remaining_time":21.98492397},
{"learn":[2.726807652],"iteration":6,"passed_time":0.1587915979,"remaining_time":22.52572239},
{"learn":[2.697280729],"iteration":7,"passed_time":0.1772055355,"remaining_time":21.97348641},
{"learn":[2.671540769],"iteration":8,"passed_time":0.192141463,"remaining_time":21.15690999},
{"learn":[2.64965752],"iteration":9,"passed_time":0.2060590867,"remaining_time":20.39984959},
{"learn":[2.629967397],"iteration":10,"passed_time":0.2208960451,"remaining_time":19.8605626},
{"learn":[2.611430363],"iteration":11,"passed_time":0.2406924417,"remaining_time":19.81701104},
{"learn":[2.595667643],"iteration":12,"passed_time":0.255726899,"remaining_time":19.41557303},
{"learn":[2.581016188],"iteration":13,"passed_time":0.2738741436,"remaining_time":19.28856468},
{"learn":[2.568407277],"iteration":14,"passed_time":0.2889469849,"remaining_time":18.97418534},
{"learn":[2.557055991],"iteration":15,"passed_time":0.3070681771,"remaining_time":18.88469289},
{"learn":[2.547028254],"iteration":16,"passed_time":0.3251998091,"remaining_time":18.80420073},
{"learn":[2.538921655],"iteration":17,"passed_time":0.3379378283,"remaining_time":18.43638596},
{"learn":[2.530948164],"iteration":18,"passed_time":0.3587536917,"remaining_time":18.52301956},
{"learn":[2.523335729],"iteration":19,"passed_time":0.3752644026,"remaining_time":18.38795573},
{"learn":[2.517454846],"iteration":20,"passed_time":0.3919311552,"remaining_time":18.27145719},
{"learn":[2.512337391],"iteration":21,"passed_time":0.406838994,"remaining_time":18.08584255},
{"learn":[2.507664571],"iteration":22,"passed_time":0.4222573227,"remaining_time":17.93675671},
{"learn":[2.503500809],"iteration":23,"passed_time":0.4407213596,"remaining_time":17.92266862},
{"learn":[2.499981863],"iteration":24,"passed_time":0.4619702943,"remaining_time":18.01684148},
{"learn":[2.496533423],"iteration":25,"passed_time":0.4798514286,"remaining_time":17.97597275},
{"learn":[2.493845093],"iteration":26,"passed_time":0.4933943218,"remaining_time":17.78046945},
{"learn":[2.491280008],"iteration":27,"passed_time":0.5117172735,"remaining_time":17.76389964},
{"learn":[2.489202777],"iteration":28,"passed_time":0.5252190327,"remaining_time":17.58578209},
{"learn":[2.487414537],"iteration":29,"passed_time":0.5405075328,"remaining_time":17.47641023},
{"learn":[2.485856162],"iteration":30,"passed_time":0.5550016868,"remaining_time":17.34827853},
{"learn":[2.484536056],"iteration":31,"passed_time":0.5681292078,"remaining_time":17.18590854},
{"learn":[2.482699322],"iteration":32,"passed_time":0.5855822918,"remaining_time":17.15933564},
{"learn":[2.481389508],"iteration":33,"passed_time":0.6032220728,"remaining_time":17.1386036},
{"learn":[2.480373495],"iteration":34,"passed_time":0.6203428462,"remaining_time":17.10373847},
{"learn":[2.479315026],"iteration":35,"passed_time":0.6374859313,"remaining_time":17.0704566},
{"learn":[2.478221931],"iteration":36,"passed_time":0.6557751803,"remaining_time":17.06787834},
{"learn":[2.476343685],"iteration":37,"passed_time":0.6752464545,"remaining_time":17.09439709},
{"learn":[2.4753875],"iteration":38,"passed_time":0.6914142121,"remaining_time":17.03715533},
{"learn":[2.474037794],"iteration":39,"passed_time":0.7090940881,"remaining_time":17.01825812},
{"learn":[2.47359433],"iteration":40,"passed_time":0.7219902659,"remaining_time":16.88752841},
{"learn":[2.472937625],"iteration":41,"passed_time":0.7411437678,"remaining_time":16.90513642},
{"learn":[2.472434732],"iteration":42,"passed_time":0.7605770092,"remaining_time":16.92726041},
{"learn":[2.470995464],"iteration":43,"passed_time":0.7807635105,"remaining_time":16.96386173},
{"learn":[2.470692364],"iteration":44,"passed_time":0.79761326,"remaining_time":16.92712585},
{"learn":[2.470160953],"iteration":45,"passed_time":0.818076593,"remaining_time":16.96619717},
{"learn":[2.468764164],"iteration":46,"passed_time":0.836814406,"remaining_time":16.96774742},
{"learn":[2.467064094],"iteration":47,"passed_time":0.8557207487,"remaining_time":16.97179485},
{"learn":[2.466275483],"iteration":48,"passed_time":0.8742445671,"remaining_time":16.96748129},
{"learn":[2.465338647],"iteration":49,"passed_time":0.8932256858,"remaining_time":16.97128803},
{"learn":[2.464897107],"iteration":50,"passed_time":0.9118306885,"remaining_time":16.96720242},
{"learn":[2.464519033],"iteration":51,"passed_time":0.9337597814,"remaining_time":17.02315909},
{"learn":[2.464360851],"iteration":52,"passed_time":0.9471077244,"remaining_time":16.92284934},
{"learn":[2.464155496],"iteration":53,"passed_time":0.9618138148,"remaining_time":16.84955313},
{"learn":[2.463095664],"iteration":54,"passed_time":0.9777940798,"remaining_time":16.8002801},
{"learn":[2.462306205],"iteration":55,"passed_time":0.994740367,"remaining_time":16.76848047},
{"learn":[2.46216111],"iteration":56,"passed_time":1.010091681,"remaining_time":16.710815},
{"learn":[2.462079828],"iteration":57,"passed_time":1.023139313,"remaining_time":16.61719366},
{"learn":[2.461916832],"iteration":58,"passed_time":1.039581368,"remaining_time":16.58044182},
{"learn":[2.461564025],"iteration":59,"passed_time":1.056886908,"remaining_time":16.55789489},
{"learn":[2.460595849],"iteration":60,"passed_time":1.073666411,"remaining_time":16.5274223},
{"learn":[2.459883026],"iteration":61,"passed_time":1.089983483,"remaining_time":16.49039528},
{"learn":[2.458917049],"iteration":62,"passed_time":1.107485632,"remaining_time":16.47165139},
{"learn":[2.4586946],"iteration":63,"passed_time":1.124412261,"remaining_time":16.44452931},
{"learn":[2.457196593],"iteration":64,"passed_time":1.141247526,"remaining_time":16.41640673},
{"learn":[2.456944927],"iteration":65,"passed_time":1.158203757,"remaining_time":16.39033802},
{"learn":[2.456840138],"iteration":66,"passed_time":1.175193306,"remaining_time":16.36500528},
{"learn":[2.456614424],"iteration":67,"passed_time":1.19420084,"remaining_time":16.36757622},
{"learn":[2.456587057],"iteration":68,"passed_time":1.207236543,"remaining_time":16.28894524},
{"learn":[2.456094079],"iteration":69,"passed_time":1.22392473,"remaining_time":16.26071427},
{"learn":[2.456036043],"iteration":70,"passed_time":1.24055367,"remaining_time":16.23203323},
{"learn":[2.455004443],"iteration":71,"passed_time":1.258678158,"remaining_time":16.22296292},
{"learn":[2.454974723],"iteration":72,"passed_time":1.271648549,"remaining_time":16.14819458},
{"learn":[2.45481582],"iteration":73,"passed_time":1.288289998,"remaining_time":16.12103429},
{"learn":[2.454707862],"iteration":74,"passed_time":1.306431099,"remaining_time":16.11265023},
{"learn":[2.454585673],"iteration":75,"passed_time":1.322842397,"remaining_time":16.08297862},
{"learn":[2.454513376],"iteration":76,"passed_time":1.337477744,"remaining_time":16.03236308},
{"learn":[2.454392771],"iteration":77,"passed_time":1.355086577,"remaining_time":16.01781825},
{"learn":[2.453769477],"iteration":78,"passed_time":1.372422086,"remaining_time":16.00000938},
{"learn":[2.453734856],"iteration":79,"passed_time":1.385493452,"remaining_time":15.9331747},
{"learn":[2.452745741],"iteration":80,"passed_time":1.402867356,"remaining_time":15.91648271},
{"learn":[2.451218373],"iteration":81,"passed_time":1.419608824,"remaining_time":15.89269391},
{"learn":[2.451126628],"iteration":82,"passed_time":1.436995972,"remaining_time":15.87620851},
{"learn":[2.451050934],"iteration":83,"passed_time":1.454054413,"remaining_time":15.85611718},
{"learn":[2.451015637],"iteration":84,"passed_time":1.472410374,"remaining_time":15.85006461},
{"learn":[2.45068274],"iteration":85,"passed_time":1.488375869,"remaining_time":15.81832029},
{"learn":[2.450296624],"iteration":86,"passed_time":1.504349267,"remaining_time":15.78702161},
{"learn":[2.450198038],"iteration":87,"passed_time":1.519317385,"remaining_time":15.7456529},
{"learn":[2.450197507],"iteration":88,"passed_time":1.530979414,"remaining_time":15.67103648},
{"learn":[2.448968947],"iteration":89,"passed_time":1.547850646,"remaining_time":15.65048986},
{"learn":[2.448913084],"iteration":90,"passed_time":1.566497467,"remaining_time":15.64776041},
{"learn":[2.448403128],"iteration":91,"passed_time":1.586260631,"remaining_time":15.65570275},
{"learn":[2.448385887],"iteration":92,"passed_time":1.599058305,"remaining_time":15.59511702},
{"learn":[2.447525462],"iteration":93,"passed_time":1.615645855,"remaining_time":15.57207601},
{"learn":[2.447034917],"iteration":94,"passed_time":1.632004782,"remaining_time":15.54699292},
{"learn":[2.446574736],"iteration":95,"passed_time":1.64905505,"remaining_time":15.52860172},
{"learn":[2.446534156],"iteration":96,"passed_time":1.664622249,"remaining_time":15.49643187},
{"learn":[2.446523612],"iteration":97,"passed_time":1.677435188,"remaining_time":15.43925041},
{"learn":[2.44651999],"iteration":98,"passed_time":1.688404188,"remaining_time":15.36618357},
{"learn":[2.446124908],"iteration":99,"passed_time":1.705663289,"remaining_time":15.3509696},
{"learn":[2.445761407],"iteration":100,"passed_time":1.722242089,"remaining_time":15.32965978},
{"learn":[2.445734238],"iteration":101,"passed_time":1.739645173,"remaining_time":15.31569966},
{"learn":[2.445254949],"iteration":102,"passed_time":1.75702176,"remaining_time":15.30144193},
{"learn":[2.444724725],"iteration":103,"passed_time":1.776193053,"remaining_time":15.3025863},
{"learn":[2.44467548],"iteration":104,"passed_time":1.792246842,"remaining_time":15.2767707},
{"learn":[2.444646274],"iteration":105,"passed_time":1.81157083,"remaining_time":15.27872002},
{"learn":[2.444636361],"iteration":106,"passed_time":1.827452104,"remaining_time":15.25153952},
{"learn":[2.4446273],"iteration":107,"passed_time":1.843452088,"remaining_time":15.22554873},
{"learn":[2.444624209],"iteration":108,"passed_time":1.856198649,"remaining_time":15.17314675},
{"learn":[2.443930931],"iteration":109,"passed_time":1.875379775,"remaining_time":15.17352727},
{"learn":[2.443549827],"iteration":110,"passed_time":1.893731152,"remaining_time":15.16690986},
{"learn":[2.443418549],"iteration":111,"passed_time":1.916170606,"remaining_time":15.19249552},
{"learn":[2.442936887],"iteration":112,"passed_time":1.935316503,"remaining_time":15.19137821},
{"learn":[2.442899126],"iteration":113,"passed_time":1.952622161,"remaining_time":15.17564241},
{"learn":[2.442750105],"iteration":114,"passed_time":1.970224636,"remaining_time":15.16216351},
{"learn":[2.442705194],"iteration":115,"passed_time":1.987270659,"remaining_time":15.14437295},
{"learn":[2.442638947],"iteration":116,"passed_time":2.005593669,"remaining_time":15.13623256},
{"learn":[2.442418428],"iteration":117,"passed_time":2.023650366,"remaining_time":15.12592901},
{"learn":[2.442366043],"iteration":118,"passed_time":2.042422875,"remaining_time":15.12079456},
{"learn":[2.441361862],"iteration":119,"passed_time":2.058604598,"remaining_time":15.09643372},
{"learn":[2.441238578],"iteration":120,"passed_time":2.07540899,"remaining_time":15.07673142},
{"learn":[2.441237938],"iteration":121,"passed_time":2.088239818,"remaining_time":15.02848},
{"learn":[2.441237084],"iteration":122,"passed_time":2.099937371,"remaining_time":14.97272418},
{"learn":[2.440996049],"iteration":123,"passed_time":2.116301872,"remaining_time":14.95064871},
{"learn":[2.440962849],"iteration":124,"passed_time":2.132657297,"remaining_time":14.92860108},
{"learn":[2.440641393],"iteration":125,"passed_time":2.149648185,"remaining_time":14.91105169},
{"learn":[2.440635841],"iteration":126,"passed_time":2.16311574,"remaining_time":14.86929166},
{"learn":[2.439849261],"iteration":127,"passed_time":2.17971005,"remaining_time":14.84927472},
{"learn":[2.439843494],"iteration":128,"passed_time":2.191779613,"remaining_time":14.79876002},
{"learn":[2.439794898],"iteration":129,"passed_time":2.206233171,"remaining_time":14.76479122},
{"learn":[2.439689266],"iteration":130,"passed_time":2.220849236,"remaining_time":14.73219836},
{"learn":[2.439454274],"iteration":131,"passed_time":2.2386142,"remaining_time":14.72058429},
{"learn":[2.439429171],"iteration":132,"passed_time":2.25241496,"remaining_time":14.68303587},
{"learn":[2.439314657],"iteration":133,"passed_time":2.270697146,"remaining_time":14.67480395},
{"learn":[2.438923643],"iteration":134,"passed_time":2.287030414,"remaining_time":14.65393562},
{"learn":[2.438920331],"iteration":135,"passed_time":2.298791588,"remaining_time":14.60408773},
{"learn":[2.438858789],"iteration":136,"passed_time":2.317737612,"remaining_time":14.60005518},
{"learn":[2.438858575],"iteration":137,"passed_time":2.33114079,"remaining_time":14.56118378},
{"learn":[2.438857079],"iteration":138,"passed_time":2.342792086,"remaining_time":14.51182724},
{"learn":[2.438853126],"iteration":139,"passed_time":2.359516998,"remaining_time":14.49417585},
{"learn":[2.438741362],"iteration":140,"passed_time":2.377369743,"remaining_time":14.48340858},
{"learn":[2.437915799],"iteration":141,"passed_time":2.397137635,"remaining_time":14.48411332},
{"learn":[2.437904683],"iteration":142,"passed_time":2.410170815,"remaining_time":14.44417055},
{"learn":[2.437812224],"iteration":143,"passed_time":2.422799811,"remaining_time":14.40219888},
{"learn":[2.437810086],"iteration":144,"passed_time":2.43627962,"remaining_time":14.3656488},
{"learn":[2.437658936],"iteration":145,"passed_time":2.453865342,"remaining_time":14.35343152},
{"learn":[2.437626225],"iteration":146,"passed_time":2.473717849,"remaining_time":14.35429473},
{"learn":[2.437510236],"iteration":147,"passed_time":2.492996734,"remaining_time":14.35157579},
{"learn":[2.437503929],"iteration":148,"passed_time":2.506173934,"remaining_time":14.31378535},
{"learn":[2.43750147],"iteration":149,"passed_time":2.518449411,"remaining_time":14.27121333},
{"learn":[2.437131122],"iteration":150,"passed_time":2.537893414,"remaining_time":14.26934774},
{"learn":[2.43686915],"iteration":151,"passed_time":2.553856103,"remaining_time":14.24782879},
{"learn":[2.43686776],"iteration":152,"passed_time":2.564580893,"remaining_time":14.19738573},
{"learn":[2.436867332],"iteration":153,"passed_time":2.576410705,"remaining_time":14.15352894},
{"learn":[2.436858778],"iteration":154,"passed_time":2.592870254,"remaining_time":14.13532493},
{"learn":[2.436855891],"iteration":155,"passed_time":2.605809112,"remaining_time":14.09809545},
{"learn":[2.436640089],"iteration":156,"passed_time":2.621527698,"remaining_time":14.07610095},
{"learn":[2.436639875],"iteration":157,"passed_time":2.635334017,"remaining_time":14.0439952},
{"learn":[2.436615278],"iteration":158,"passed_time":2.660784962,"remaining_time":14.07371165},
{"learn":[2.436612177],"iteration":159,"passed_time":2.675023011,"remaining_time":14.04387081},
{"learn":[2.436572072],"iteration":160,"passed_time":2.690840935,"remaining_time":14.0224568},
{"learn":[2.436527368],"iteration":161,"passed_time":2.707500922,"remaining_time":14.00546773},
{"learn":[2.436527475],"iteration":162,"passed_time":2.722164539,"remaining_time":13.9782314},
{"learn":[2.436526085],"iteration":163,"passed_time":2.736550041,"remaining_time":13.9497307},
{"learn":[2.43640983],"iteration":164,"passed_time":2.753613497,"remaining_time":13.93495315},
{"learn":[2.436410258],"iteration":165,"passed_time":2.764256495,"remaining_time":13.88789106},
{"learn":[2.436409188],"iteration":166,"passed_time":2.775691505,"remaining_time":13.84521571},
{"learn":[2.436367476],"iteration":167,"passed_time":2.792189365,"remaining_time":13.82798543},
{"learn":[2.436366727],"iteration":168,"passed_time":2.805110007,"remaining_time":13.79317406},
{"learn":[2.436366513],"iteration":169,"passed_time":2.818522469,"remaining_time":13.76102147},
{"learn":[2.436366299],"iteration":170,"passed_time":2.831836212,"remaining_time":13.72860947},
{"learn":[2.436366406],"iteration":171,"passed_time":2.843153308,"remaining_time":13.68680778},
{"learn":[2.436365979],"iteration":172,"passed_time":2.860674575,"remaining_time":13.67501661},
{"learn":[2.436365551],"iteration":173,"passed_time":2.87686913,"remaining_time":13.6568615},
{"learn":[2.436365337],"iteration":174,"passed_time":2.889530319,"remaining_time":13.62207151},
{"learn":[2.43636523],"iteration":175,"passed_time":2.901349229,"remaining_time":13.58358957},
{"learn":[2.436364909],"iteration":176,"passed_time":2.917649557,"remaining_time":13.56624625},
{"learn":[2.436364481],"iteration":177,"passed_time":2.929965335,"remaining_time":13.53051407},
{"learn":[2.436364267],"iteration":178,"passed_time":2.943430819,"remaining_time":13.50031677},
{"learn":[2.436359668],"iteration":179,"passed_time":2.957325298,"remaining_time":13.47225969},
{"learn":[2.435590859],"iteration":180,"passed_time":2.975380875,"remaining_time":13.46318749},
{"learn":[2.435590538],"iteration":181,"passed_time":2.9897995,"remaining_time":13.43767028},
{"learn":[2.435484723],"iteration":182,"passed_time":3.006673001,"remaining_time":13.42323411},
{"learn":[2.435462897],"iteration":183,"passed_time":3.024260445,"remaining_time":13.41193762},
{"learn":[2.435462255],"iteration":184,"passed_time":3.03941264,"remaining_time":13.38984487},
{"learn":[2.435327865],"iteration":185,"passed_time":3.05529859,"remaining_time":13.37103792},
{"learn":[2.435327651],"iteration":186,"passed_time":3.069054569,"remaining_time":13.34300195},
{"learn":[2.43532733],"iteration":187,"passed_time":3.083987595,"remaining_time":13.32020174},
{"learn":[2.435327009],"iteration":188,"passed_time":3.102017787,"remaining_time":13.31077474},
{"learn":[2.435326902],"iteration":189,"passed_time":3.113883073,"remaining_time":13.27497521},
{"learn":[2.435324441],"iteration":190,"passed_time":3.127437016,"remaining_time":13.24657878},
{"learn":[2.435086567],"iteration":191,"passed_time":3.144469911,"remaining_time":13.23297754},
{"learn":[2.43508646],"iteration":192,"passed_time":3.156907639,"remaining_time":13.20012676},
{"learn":[2.435086567],"iteration":193,"passed_time":3.16880096,"remaining_time":13.16522461},
{"learn":[2.434321209],"iteration":194,"passed_time":3.186630554,"remaining_time":13.15506459},
{"learn":[2.434203992],"iteration":195,"passed_time":3.202986178,"remaining_time":13.13878004},
{"learn":[2.434081524],"iteration":196,"passed_time":3.221850705,"remaining_time":13.1327214},
{"learn":[2.433732926],"iteration":197,"passed_time":3.240643437,"remaining_time":13.12624261},
{"learn":[2.433631421],"iteration":198,"passed_time":3.256658961,"remaining_time":13.10846145},
{"learn":[2.433630993],"iteration":199,"passed_time":3.270639721,"remaining_time":13.08255888},
{"learn":[2.433629387],"iteration":200,"passed_time":3.285476906,"remaining_time":13.06017934},
{"learn":[2.433628744],"iteration":201,"passed_time":3.299037344,"remaining_time":13.0328307},
{"learn":[2.433159066],"iteration":202,"passed_time":3.317313047,"remaining_time":13.02413053},
{"learn":[2.433158959],"iteration":203,"passed_time":3.331921,"remaining_time":13.00102508},
{"learn":[2.432987064],"iteration":204,"passed_time":3.348031359,"remaining_time":12.98382893},
{"learn":[2.432881886],"iteration":205,"passed_time":3.364375912,"remaining_time":12.96754599},
{"learn":[2.432869354],"iteration":206,"passed_time":3.377107402,"remaining_time":12.93742111},
{"learn":[2.432868176],"iteration":207,"passed_time":3.390417627,"remaining_time":12.90966712},
{"learn":[2.432867533],"iteration":208,"passed_time":3.403783704,"remaining_time":12.88226273},
{"learn":[2.432490481],"iteration":209,"passed_time":3.421779711,"remaining_time":12.87240939},
{"learn":[2.432476662],"iteration":210,"passed_time":3.438141095,"remaining_time":12.85636647},
{"learn":[2.432476233],"iteration":211,"passed_time":3.450535379,"remaining_time":12.8255749},
{"learn":[2.432473555],"iteration":212,"passed_time":3.464475962,"remaining_time":12.8006694},
{"learn":[2.432473019],"iteration":213,"passed_time":3.475191155,"remaining_time":12.76401985},
{"learn":[2.43225865],"iteration":214,"passed_time":3.491686024,"remaining_time":12.74871409},
{"learn":[2.432255972],"iteration":215,"passed_time":3.503863068,"remaining_time":12.71772521},
{"learn":[2.432255543],"iteration":216,"passed_time":3.519401337,"remaining_time":12.699038},
{"learn":[2.432255008],"iteration":217,"passed_time":3.533241648,"remaining_time":12.67428885},
{"learn":[2.432254686],"iteration":218,"passed_time":3.546223772,"remaining_time":12.64657884},
{"learn":[2.432254472],"iteration":219,"passed_time":3.560021884,"remaining_time":12.62189577},
{"learn":[2.432253722],"iteration":220,"passed_time":3.572810236,"remaining_time":12.59375192},
{"learn":[2.432077477],"iteration":221,"passed_time":3.590761575,"remaining_time":12.58384011},
{"learn":[2.432077263],"iteration":222,"passed_time":3.602016855,"remaining_time":12.5505251},
{"learn":[2.431401307],"iteration":223,"passed_time":3.618842166,"remaining_time":12.53670322},
{"learn":[2.431039891],"iteration":224,"passed_time":3.636311715,"remaining_time":12.52507368},
{"learn":[2.431038819],"iteration":225,"passed_time":3.649430864,"remaining_time":12.49849331},
{"learn":[2.430761075],"iteration":226,"passed_time":3.665755515,"remaining_time":12.4829472},
{"learn":[2.430550522],"iteration":227,"passed_time":3.682359055,"remaining_time":12.46833855},
{"learn":[2.430549771],"iteration":228,"passed_time":3.694412686,"remaining_time":12.4383938},
{"learn":[2.430458212],"iteration":229,"passed_time":3.713743144,"remaining_time":12.43296618},
{"learn":[2.43030371],"iteration":230,"passed_time":3.730968326,"remaining_time":12.42040971},
{"learn":[2.430219539],"iteration":231,"passed_time":3.74879295,"remaining_time":12.40979735},
{"learn":[2.430213749],"iteration":232,"passed_time":3.763846785,"remaining_time":12.39000208},
{"learn":[2.429934946],"iteration":233,"passed_time":3.780848691,"remaining_time":12.37662435},
{"learn":[2.429925938],"iteration":234,"passed_time":3.796251022,"remaining_time":12.35800865},
{"learn":[2.429888189],"iteration":235,"passed_time":3.812985654,"remaining_time":12.34373322},
{"learn":[2.429871567],"iteration":236,"passed_time":3.830296482,"remaining_time":12.33129205},
{"learn":[2.429866205],"iteration":237,"passed_time":3.847273479,"remaining_time":12.31774114},
{"learn":[2.42981741],"iteration":238,"passed_time":3.865344224,"remaining_time":12.30764416},
{"learn":[2.42981741],"iteration":239,"passed_time":3.878372994,"remaining_time":12.28151448},
{"learn":[2.429546391],"iteration":240,"passed_time":3.901747625,"remaining_time":12.28807654},
{"learn":[2.4294741],"iteration":241,"passed_time":3.917849082,"remaining_time":12.27160993},
{"learn":[2.429473671],"iteration":242,"passed_time":3.930723388,"remaining_time":12.24509302},
{"learn":[2.429473456],"iteration":243,"passed_time":3.946935707,"remaining_time":12.2290303},
{"learn":[2.429469917],"iteration":244,"passed_time":3.963578174,"remaining_time":12.21429192},
{"learn":[2.429468844],"iteration":245,"passed_time":3.978817693,"remaining_time":12.19523797},
{"learn":[2.429467235],"iteration":246,"passed_time":3.992161548,"remaining_time":12.17043581},
{"learn":[2.429464876],"iteration":247,"passed_time":4.009075316,"remaining_time":12.15655096},
{"learn":[2.42945962],"iteration":248,"passed_time":4.02509846,"remaining_time":12.1399556},
{"learn":[2.429457475],"iteration":249,"passed_time":4.045595662,"remaining_time":12.13678699},
{"learn":[2.429446534],"iteration":250,"passed_time":4.066539786,"remaining_time":12.13481394},
{"learn":[2.42944632],"iteration":251,"passed_time":4.079367224,"remaining_time":12.10859795},
{"learn":[2.429445783],"iteration":252,"passed_time":4.09522831,"remaining_time":12.09144485},
{"learn":[2.429445891],"iteration":253,"passed_time":4.109867828,"remaining_time":12.07071417},
{"learn":[2.429444711],"iteration":254,"passed_time":4.122699332,"remaining_time":12.04474903},
{"learn":[2.429443745],"iteration":255,"passed_time":4.134693963,"remaining_time":12.01645433},
{"learn":[2.429340667],"iteration":256,"passed_time":4.153420699,"remaining_time":12.00774934},
{"learn":[2.429333265],"iteration":257,"passed_time":4.169168037,"remaining_time":11.990398},
{"learn":[2.428805036],"iteration":258,"passed_time":4.186276108,"remaining_time":11.97695211},
{"learn":[2.428788192],"iteration":259,"passed_time":4.204959593,"remaining_time":11.96796192},
{"learn":[2.428787227],"iteration":260,"passed_time":4.217936897,"remaining_time":11.94274087},
{"learn":[2.428787227],"iteration":261,"passed_time":4.230426262,"remaining_time":11.91623886},
{"learn":[2.428696566],"iteration":262,"passed_time":4.247683429,"remaining_time":11.90320413},
{"learn":[2.428197174],"iteration":263,"passed_time":4.266818309,"remaining_time":11.89537225},
{"learn":[2.428197066],"iteration":264,"passed_time":4.280452077,"remaining_time":11.87219727},
{"learn":[2.428196423],"iteration":265,"passed_time":4.294431488,"remaining_time":11.85004779},
{"learn":[2.428195886],"iteration":266,"passed_time":4.309780219,"remaining_time":11.83171873},
{"learn":[2.428195564],"iteration":267,"passed_time":4.322777139,"remaining_time":11.8069883},
{"learn":[2.428195349],"iteration":268,"passed_time":4.334570959,"remaining_time":11.77907573},
{"learn":[2.428195027],"iteration":269,"passed_time":4.346310841,"remaining_time":11.75113672},
{"learn":[2.428194276],"iteration":270,"passed_time":4.3598474,"remaining_time":11.72815039},
{"learn":[2.428194169],"iteration":271,"passed_time":4.373209615,"remaining_time":11.70476691},
{"learn":[2.428194062],"iteration":272,"passed_time":4.385899617,"remaining_time":11.67966675},
{"learn":[2.42819374],"iteration":273,"passed_time":4.400046709,"remaining_time":11.65851792},
{"learn":[2.428193418],"iteration":274,"passed_time":4.412084543,"remaining_time":11.63185925},
{"learn":[2.42819331],"iteration":275,"passed_time":4.424420712,"remaining_time":11.60608911},
{"learn":[2.428190091],"iteration":276,"passed_time":4.440601564,"remaining_time":11.59045101},
{"learn":[2.428189984],"iteration":277,"passed_time":4.456236204,"remaining_time":11.57339043},
{"learn":[2.428187515],"iteration":278,"passed_time":4.470897648,"remaining_time":11.5538251},
{"learn":[2.428181613],"iteration":279,"passed_time":4.485504431,"remaining_time":11.53415425},
{"learn":[2.428181506],"iteration":280,"passed_time":4.497356632,"remaining_time":11.50747124},
{"learn":[2.428119584],"iteration":281,"passed_time":4.514468288,"remaining_time":11.49428451},
{"learn":[2.428117759],"iteration":282,"passed_time":4.526391878,"remaining_time":11.46792571},
{"learn":[2.428117759],"iteration":283,"passed_time":4.538164566,"remaining_time":11.44128813},
{"learn":[2.428115398],"iteration":284,"passed_time":4.550945917,"remaining_time":11.41728537},
{"learn":[2.428115398],"iteration":285,"passed_time":4.565196319,"remaining_time":11.39702857},
{"learn":[2.428115291],"iteration":286,"passed_time":4.576747972,"remaining_time":11.37010907},
{"learn":[2.427992086],"iteration":287,"passed_time":4.593195472,"remaining_time":11.35539992},
{"learn":[2.427992086],"iteration":288,"passed_time":4.608053596,"remaining_time":11.33676854},
{"learn":[2.427992086],"iteration":289,"passed_time":4.620637425,"remaining_time":11.31259508},
{"learn":[2.427991979],"iteration":290,"passed_time":4.633043545,"remaining_time":11.28806829},
{"learn":[2.427886263],"iteration":291,"passed_time":4.650045884,"remaining_time":11.27476879},
{"learn":[2.427886155],"iteration":292,"passed_time":4.664153039,"remaining_time":11.25445801},
{"learn":[2.427886048],"iteration":293,"passed_time":4.677237976,"remaining_time":11.23173473},
{"learn":[2.427854922],"iteration":294,"passed_time":4.693848966,"remaining_time":11.21750346},
{"learn":[2.427854815],"iteration":295,"passed_time":4.705243521,"remaining_time":11.19084946},
{"learn":[2.427534092],"iteration":296,"passed_time":4.721302803,"remaining_time":11.17533963},
{"learn":[2.427467108],"iteration":297,"passed_time":4.737229832,"remaining_time":11.15951457},
{"learn":[2.427467108],"iteration":298,"passed_time":4.749283315,"remaining_time":11.13460737},
{"learn":[2.427467001],"iteration":299,"passed_time":4.761944837,"remaining_time":11.11120462},
{"learn":[2.427464961],"iteration":300,"passed_time":4.774344796,"remaining_time":11.08726582},
{"learn":[2.427465069],"iteration":301,"passed_time":4.78546625,"remaining_time":11.06044849},
{"learn":[2.42738402],"iteration":302,"passed_time":4.80248623,"remaining_time":11.04730331},
{"learn":[2.427361906],"iteration":303,"passed_time":4.81945512,"remaining_time":11.03401567},
{"learn":[2.427013631],"iteration":304,"passed_time":4.836173539,"remaining_time":11.02013315},
{"learn":[2.426925481],"iteration":305,"passed_time":4.856565676,"remaining_time":11.01456398},
{"learn":[2.42692226],"iteration":306,"passed_time":4.870038858,"remaining_time":10.9932799},
{"learn":[2.42685526],"iteration":307,"passed_time":4.886922527,"remaining_time":10.97970906},
{"learn":[2.426436571],"iteration":308,"passed_time":4.905151128,"remaining_time":10.96912437},
{"learn":[2.426436142],"iteration":309,"passed_time":4.923008336,"remaining_time":10.95766372},
{"learn":[2.426431846],"iteration":310,"passed_time":4.938411285,"remaining_time":10.94072468},
{"learn":[2.426431524],"iteration":311,"passed_time":4.951287923,"remaining_time":10.91822465},
{"learn":[2.426372135],"iteration":312,"passed_time":4.969678024,"remaining_time":10.90788755},
{"learn":[2.426370631],"iteration":313,"passed_time":4.982079984,"remaining_time":10.88441678},
{"learn":[2.426370953],"iteration":314,"passed_time":4.994653803,"remaining_time":10.86139002},
{"learn":[2.426370739],"iteration":315,"passed_time":5.005382535,"remaining_time":10.83443561},
{"learn":[2.426370739],"iteration":316,"passed_time":5.019566352,"remaining_time":10.81502782},
{"learn":[2.426366121],"iteration":317,"passed_time":5.033733074,"remaining_time":10.79561622},
{"learn":[2.426366013],"iteration":318,"passed_time":5.045586247,"remaining_time":10.77129854},
{"learn":[2.426364832],"iteration":319,"passed_time":5.057305728,"remaining_time":10.74677467},
{"learn":[2.42635914],"iteration":320,"passed_time":5.073499293,"remaining_time":10.73179445},
{"learn":[2.426358818],"iteration":321,"passed_time":5.084587141,"remaining_time":10.70605615},
{"learn":[2.426336157],"iteration":322,"passed_time":5.097648552,"remaining_time":10.68454511},
{"learn":[2.426334009],"iteration":323,"passed_time":5.11117103,"remaining_time":10.6640482},
{"learn":[2.426314033],"iteration":324,"passed_time":5.12887951,"remaining_time":10.65228821},
{"learn":[2.426313711],"iteration":325,"passed_time":5.141252815,"remaining_time":10.62946134},
{"learn":[2.425969046],"iteration":326,"passed_time":5.158383859,"remaining_time":10.61649033},
{"learn":[2.425962708],"iteration":327,"passed_time":5.174034276,"remaining_time":10.60046047},
{"learn":[2.425962064],"iteration":328,"passed_time":5.185938938,"remaining_time":10.5767934},
{"learn":[2.425962171],"iteration":329,"passed_time":5.19740552,"remaining_time":10.55230818},
{"learn":[2.425961849],"iteration":330,"passed_time":5.208802822,"remaining_time":10.52776159},
{"learn":[2.425960667],"iteration":331,"passed_time":5.221290357,"remaining_time":10.50548783},
{"learn":[2.42595476],"iteration":332,"passed_time":5.238287558,"remaining_time":10.49230571},
{"learn":[2.425953256],"iteration":333,"passed_time":5.254400013,"remaining_time":10.47733655},
{"learn":[2.425951108],"iteration":334,"passed_time":5.268758349,"remaining_time":10.45887851},
{"learn":[2.425884295],"iteration":335,"passed_time":5.285936046,"remaining_time":10.44601647},
{"learn":[2.425883865],"iteration":336,"passed_time":5.298080596,"remaining_time":10.42322681},
{"learn":[2.425883543],"iteration":337,"passed_time":5.310036152,"remaining_time":10.40012998},
{"learn":[2.425781602],"iteration":338,"passed_time":5.326482901,"remaining_time":10.38585604},
{"learn":[2.425749483],"iteration":339,"passed_time":5.344092453,"remaining_time":10.37382653},
{"learn":[2.425749483],"iteration":340,"passed_time":5.357273739,"remaining_time":10.35320643},
{"learn":[2.425749483],"iteration":341,"passed_time":5.371464123,"remaining_time":10.33457132},
{"learn":[2.425749483],"iteration":342,"passed_time":5.383564134,"remaining_time":10.31195812},
{"learn":[2.425748516],"iteration":343,"passed_time":5.395512519,"remaining_time":10.2891169},
{"learn":[2.425748408],"iteration":344,"passed_time":5.410093437,"remaining_time":10.27133682},
{"learn":[2.425748516],"iteration":345,"passed_time":5.424206805,"remaining_time":10.25269148},
{"learn":[2.425748408],"iteration":346,"passed_time":5.438435372,"remaining_time":10.23428904},
{"learn":[2.425748408],"iteration":347,"passed_time":5.452458765,"remaining_time":10.21552619},
{"learn":[2.425733584],"iteration":348,"passed_time":5.470967004,"remaining_time":10.20515622},
{"learn":[2.4257208],"iteration":349,"passed_time":5.487868909,"remaining_time":10.19175655},
{"learn":[2.425720586],"iteration":350,"passed_time":5.500519903,"remaining_time":10.17047697},
{"learn":[2.4253421],"iteration":351,"passed_time":5.519043881,"remaining_time":10.16005805},
{"learn":[2.4253421],"iteration":352,"passed_time":5.530784241,"remaining_time":10.13715978},
{"learn":[2.42534081],"iteration":353,"passed_time":5.545626933,"remaining_time":10.11998587},
{"learn":[2.425340918],"iteration":354,"passed_time":5.557946207,"remaining_time":10.09824029},
{"learn":[2.425340918],"iteration":355,"passed_time":5.569898367,"remaining_time":10.07588356},
{"learn":[2.425336513],"iteration":356,"passed_time":5.58237271,"remaining_time":10.05452564},
{"learn":[2.425336405],"iteration":357,"passed_time":5.594160246,"remaining_time":10.03198569},
{"learn":[2.425191355],"iteration":358,"passed_time":5.610960016,"remaining_time":10.01845507},
{"learn":[2.425190925],"iteration":359,"passed_time":5.622632877,"remaining_time":9.995791782},
{"learn":[2.425190495],"iteration":360,"passed_time":5.63482929,"remaining_time":9.974116113},
{"learn":[2.425190495],"iteration":361,"passed_time":5.647061783,"remaining_time":9.952556403},
{"learn":[2.425190173],"iteration":362,"passed_time":5.659069328,"remaining_time":9.930653338},
{"learn":[2.425190281],"iteration":363,"passed_time":5.67360004,"remaining_time":9.913213256},
{"learn":[2.425190066],"iteration":364,"passed_time":5.68889903,"remaining_time":9.89712571},
{"learn":[2.425188776],"iteration":365,"passed_time":5.704344476,"remaining_time":9.881296168},
{"learn":[2.425188776],"iteration":366,"passed_time":5.718026683,"remaining_time":9.862427494},
{"learn":[2.425186842],"iteration":367,"passed_time":5.734484884,"remaining_time":9.848354475},
{"learn":[2.424761096],"iteration":368,"passed_time":5.759372634,"remaining_time":9.848683285},
{"learn":[2.424760988],"iteration":369,"passed_time":5.770730529,"remaining_time":9.825838468},
{"learn":[2.424760988],"iteration":370,"passed_time":5.783559908,"remaining_time":9.805550357},
{"learn":[2.424759698],"iteration":371,"passed_time":5.800207232,"remaining_time":9.791747692},
{"learn":[2.424758946],"iteration":372,"passed_time":5.817075705,"remaining_time":9.77830152},
{"learn":[2.424758946],"iteration":373,"passed_time":5.833543593,"remaining_time":9.764166549},
{"learn":[2.424757872],"iteration":374,"passed_time":5.852090618,"remaining_time":9.753484364},
{"learn":[2.424754647],"iteration":375,"passed_time":5.866904368,"remaining_time":9.736564695},
{"learn":[2.424753143],"iteration":376,"passed_time":5.880535894,"remaining_time":9.717702552},
{"learn":[2.424752606],"iteration":377,"passed_time":5.89457417,"remaining_time":9.699537391},
{"learn":[2.424751209],"iteration":378,"passed_time":5.90938117,"remaining_time":9.682653579},
{"learn":[2.424750671],"iteration":379,"passed_time":5.925023575,"remaining_time":9.667143728},
{"learn":[2.424749274],"iteration":380,"passed_time":5.942082723,"remaining_time":9.653934922},
{"learn":[2.424747447],"iteration":381,"passed_time":5.958598769,"remaining_time":9.639827328},
{"learn":[2.424747125],"iteration":382,"passed_time":5.971341011,"remaining_time":9.619627685},
{"learn":[2.424747017],"iteration":383,"passed_time":5.985916662,"remaining_time":9.602407978},
{"learn":[2.424744116],"iteration":384,"passed_time":6.004424767,"remaining_time":9.591483719},
{"learn":[2.424742826],"iteration":385,"passed_time":6.018493293,"remaining_time":9.573458243},
{"learn":[2.42473885],"iteration":386,"passed_time":6.033810612,"remaining_time":9.55743128},
{"learn":[2.424737668],"iteration":387,"passed_time":6.049541518,"remaining_time":9.542060333},
{"learn":[2.4247367],"iteration":388,"passed_time":6.064271599,"remaining_time":9.525115545},
{"learn":[2.424735626],"iteration":389,"passed_time":6.077553981,"remaining_time":9.505917766},
{"learn":[2.424735411],"iteration":390,"passed_time":6.090787546,"remaining_time":9.486674209},
{"learn":[2.424719183],"iteration":391,"passed_time":6.105816115,"remaining_time":9.470245403},
{"learn":[2.424717678],"iteration":392,"passed_time":6.128334123,"remaining_time":9.465391381},
{"learn":[2.424716281],"iteration":393,"passed_time":6.143800731,"remaining_time":9.449602139},
{"learn":[2.424716174],"iteration":394,"passed_time":6.155947765,"remaining_time":9.428730121},
{"learn":[2.424715422],"iteration":395,"passed_time":6.174269157,"remaining_time":9.417319623},
{"learn":[2.424714562],"iteration":396,"passed_time":6.190369499,"remaining_time":9.402500775},
{"learn":[2.424714132],"iteration":397,"passed_time":6.205316209,"remaining_time":9.385930547},
{"learn":[2.424714025],"iteration":398,"passed_time":6.21965444,"remaining_time":9.368451927},
{"learn":[2.42470446],"iteration":399,"passed_time":6.232566841,"remaining_time":9.348850262},
{"learn":[2.42470317],"iteration":400,"passed_time":6.247946318,"remaining_time":9.332967193},
{"learn":[2.42470274],"iteration":401,"passed_time":6.262437448,"remaining_time":9.315765158},
{"learn":[2.42470274],"iteration":402,"passed_time":6.276530646,"remaining_time":9.297987086},
{"learn":[2.424702418],"iteration":403,"passed_time":6.292231065,"remaining_time":9.282598304},
{"learn":[2.424636861],"iteration":404,"passed_time":6.308119206,"remaining_time":9.267483771},
{"learn":[2.424635571],"iteration":405,"passed_time":6.326382546,"remaining_time":9.255840473},
{"learn":[2.424635356],"iteration":406,"passed_time":6.340908343,"remaining_time":9.238719036},
{"learn":[2.424635248],"iteration":407,"passed_time":6.354487827,"remaining_time":9.22023724},
{"learn":[2.424635034],"iteration":408,"passed_time":6.368741048,"remaining_time":9.202752957},
{"learn":[2.424634926],"iteration":409,"passed_time":6.38088973,"remaining_time":9.182255952},
{"learn":[2.424634819],"iteration":410,"passed_time":6.397400623,"remaining_time":9.168051015},
{"learn":[2.424634174],"iteration":411,"passed_time":6.412747464,"remaining_time":9.152173565},
{"learn":[2.424632024],"iteration":412,"passed_time":6.427612708,"remaining_time":9.135614188},
{"learn":[2.424631917],"iteration":413,"passed_time":6.44037618,"remaining_time":9.116088023},
{"learn":[2.424631379],"iteration":414,"passed_time":6.455015769,"remaining_time":9.099239097},
{"learn":[2.424631379],"iteration":415,"passed_time":6.472644464,"remaining_time":9.086597035},
{"learn":[2.424631164],"iteration":416,"passed_time":6.493511222,"remaining_time":9.078458135},
{"learn":[2.424630842],"iteration":417,"passed_time":6.507956975,"remaining_time":9.061318085},
{"learn":[2.42463052],"iteration":418,"passed_time":6.523018826,"remaining_time":9.045045198},
{"learn":[2.42463009],"iteration":419,"passed_time":6.53621071,"remaining_time":9.026195742},
{"learn":[2.42462966],"iteration":420,"passed_time":6.5531342,"remaining_time":9.012505231},
{"learn":[2.424629337],"iteration":421,"passed_time":6.566912302,"remaining_time":8.994491257},
{"learn":[2.424629123],"iteration":422,"passed_time":6.580101769,"remaining_time":8.975694375},
{"learn":[2.424628693],"iteration":423,"passed_time":6.59479522,"remaining_time":8.958967092},
{"learn":[2.424628263],"iteration":424,"passed_time":6.6105069,"remaining_time":8.943626983},
{"learn":[2.424627725],"iteration":425,"passed_time":6.624851217,"remaining_time":8.92644272},
{"learn":[2.424627618],"iteration":426,"passed_time":6.638734219,"remaining_time":8.908652711},
{"learn":[2.424627618],"iteration":427,"passed_time":6.653506819,"remaining_time":8.892069861},
{"learn":[2.424627188],"iteration":428,"passed_time":6.66705166,"remaining_time":8.8738613},
{"learn":[2.424627403],"iteration":429,"passed_time":6.680212464,"remaining_time":8.855165359},
{"learn":[2.424626758],"iteration":430,"passed_time":6.696265096,"remaining_time":8.840312854},
{"learn":[2.424626006],"iteration":431,"passed_time":6.715236042,"remaining_time":8.829291834},
{"learn":[2.424625468],"iteration":432,"passed_time":6.730759204,"remaining_time":8.813719327},
{"learn":[2.424625361],"iteration":433,"passed_time":6.747030382,"remaining_time":8.799122572},
{"learn":[2.424625039],"iteration":434,"passed_time":6.759394652,"remaining_time":8.779443628},
{"learn":[2.424624716],"iteration":435,"passed_time":6.773374618,"remaining_time":8.761888268},
{"learn":[2.424619557],"iteration":436,"passed_time":6.791350864,"remaining_time":8.749497795},
{"learn":[2.424619557],"iteration":437,"passed_time":6.80511698,"remaining_time":8.731679778},
{"learn":[2.424619235],"iteration":438,"passed_time":6.818309348,"remaining_time":8.713147026},
{"learn":[2.424619128],"iteration":439,"passed_time":6.833936782,"remaining_time":8.697737723},
{"learn":[2.424618913],"iteration":440,"passed_time":6.850792914,"remaining_time":8.683884896},
{"learn":[2.424618913],"iteration":441,"passed_time":6.874885096,"remaining_time":8.679153582},
{"learn":[2.424618375],"iteration":442,"passed_time":6.888142463,"remaining_time":8.660711855},
{"learn":[2.424618375],"iteration":443,"passed_time":6.901467017,"remaining_time":8.642377616},
{"learn":[2.424617945],"iteration":444,"passed_time":6.918902886,"remaining_time":8.629193487},
{"learn":[2.424617838],"iteration":445,"passed_time":6.934695363,"remaining_time":8.613948948},
{"learn":[2.424617515],"iteration":446,"passed_time":6.948715337,"remaining_time":8.596509131},
{"learn":[2.424617408],"iteration":447,"passed_time":6.960529386,"remaining_time":8.576366564},
{"learn":[2.4246173],"iteration":448,"passed_time":6.974097515,"remaining_time":8.558413654},
{"learn":[2.424617408],"iteration":449,"passed_time":6.988242218,"remaining_time":8.541184933},
{"learn":[2.424616763],"iteration":450,"passed_time":7.018243969,"remaining_time":8.543272592},
{"learn":[2.424616763],"iteration":451,"passed_time":7.034091457,"remaining_time":8.528057784},
{"learn":[2.424616548],"iteration":452,"passed_time":7.04852877,"remaining_time":8.511137389},
{"learn":[2.424616226],"iteration":453,"passed_time":7.063814567,"remaining_time":8.495248355},
{"learn":[2.424616118],"iteration":454,"passed_time":7.077378486,"remaining_time":8.477299505},
{"learn":[2.424616226],"iteration":455,"passed_time":7.093593777,"remaining_time":8.462532927},
{"learn":[2.424616011],"iteration":456,"passed_time":7.107641144,"remaining_time":8.445184116},
{"learn":[2.424615903],"iteration":457,"passed_time":7.120643433,"remaining_time":8.426612971},
{"learn":[2.424615796],"iteration":458,"passed_time":7.132663958,"remaining_time":8.406908935},
{"learn":[2.424615796],"iteration":459,"passed_time":7.143699293,"remaining_time":8.386081779},
{"learn":[2.424615581],"iteration":460,"passed_time":7.154627896,"remaining_time":8.365172312},
{"learn":[2.424615688],"iteration":461,"passed_time":7.166846479,"remaining_time":8.345808237},
{"learn":[2.424615366],"iteration":462,"passed_time":7.180087383,"remaining_time":8.327660744},
{"learn":[2.424615366],"iteration":463,"passed_time":7.191157172,"remaining_time":8.307026388},
{"learn":[2.424615473],"iteration":464,"passed_time":7.204109987,"remaining_time":8.288599663},
{"learn":[2.424615151],"iteration":465,"passed_time":7.216104508,"remaining_time":8.269098299},
{"learn":[2.424615044],"iteration":466,"passed_time":7.22821831,"remaining_time":8.249765223},
{"learn":[2.424615258],"iteration":467,"passed_time":7.241250786,"remaining_time":8.231507304},
{"learn":[2.424615044],"iteration":468,"passed_time":7.254294928,"remaining_time":8.213284876},
{"learn":[2.424615044],"iteration":469,"passed_time":7.2681313,"remaining_time":8.195977849},
{"learn":[2.424614936],"iteration":470,"passed_time":7.284628128,"remaining_time":8.18167363},
{"learn":[2.424614829],"iteration":471,"passed_time":7.298254794,"remaining_time":8.164149431},
{"learn":[2.424614721],"iteration":472,"passed_time":7.311356496,"remaining_time":8.146056815},
{"learn":[2.424614399],"iteration":473,"passed_time":7.323423115,"remaining_time":8.126836621},
{"learn":[2.424614506],"iteration":474,"passed_time":7.337831925,"remaining_time":8.110235286},
{"learn":[2.424614614],"iteration":475,"passed_time":7.353673759,"remaining_time":8.095220692},
{"learn":[2.424605801],"iteration":476,"passed_time":7.369159695,"remaining_time":8.079812412},
{"learn":[2.424605586],"iteration":477,"passed_time":7.383184917,"remaining_time":8.062808633},
{"learn":[2.424605478],"iteration":478,"passed_time":7.39570171,"remaining_time":8.044176599},
{"learn":[2.424605586],"iteration":479,"passed_time":7.410619542,"remaining_time":8.02817117},
{"learn":[2.424605478],"iteration":480,"passed_time":7.430754389,"remaining_time":8.017799435},
{"learn":[2.424605371],"iteration":481,"passed_time":7.442579133,"remaining_time":7.998456413},
{"learn":[2.424605478],"iteration":482,"passed_time":7.457557544,"remaining_time":7.982520187},
{"learn":[2.424605156],"iteration":483,"passed_time":7.472379471,"remaining_time":7.966421089},
{"learn":[2.424605263],"iteration":484,"passed_time":7.486659682,"remaining_time":7.949752033},
{"learn":[2.424605048],"iteration":485,"passed_time":7.50346939,"remaining_time":7.935768038},
{"learn":[2.424605156],"iteration":486,"passed_time":7.515520123,"remaining_time":7.916759391},
{"learn":[2.424604834],"iteration":487,"passed_time":7.528919291,"remaining_time":7.89919401},
{"learn":[2.424604834],"iteration":488,"passed_time":7.542879756,"remaining_time":7.88223222},
{"learn":[2.424605048],"iteration":489,"passed_time":7.559802521,"remaining_time":7.86836589},
{"learn":[2.424604941],"iteration":490,"passed_time":7.575017631,"remaining_time":7.852716852},
{"learn":[2.424604941],"iteration":491,"passed_time":7.588551252,"remaining_time":7.835333407},
{"learn":[2.424604726],"iteration":492,"passed_time":7.604815381,"remaining_time":7.820773627},
{"learn":[2.424604619],"iteration":493,"passed_time":7.620545159,"remaining_time":7.805659616},
{"learn":[2.424604834],"iteration":494,"passed_time":7.634362371,"remaining_time":7.788591914},
{"learn":[2.424604511],"iteration":495,"passed_time":7.652907674,"remaining_time":7.776341669},
{"learn":[2.424604511],"iteration":496,"passed_time":7.667374814,"remaining_time":7.759938695},
{"learn":[2.424604511],"iteration":497,"passed_time":7.680903141,"remaining_time":7.742597142},
{"learn":[2.424604511],"iteration":498,"passed_time":7.695193795,"remaining_time":7.726036255},
{"learn":[2.424604296],"iteration":499,"passed_time":7.708601589,"remaining_time":7.708601589},
{"learn":[2.424604296],"iteration":500,"passed_time":7.722108658,"remaining_time":7.691281877},
{"learn":[2.424604404],"iteration":501,"passed_time":7.737537635,"remaining_time":7.675883949},
{"learn":[2.424604404],"iteration":502,"passed_time":7.755069601,"remaining_time":7.6625638},
{"learn":[2.424604296],"iteration":503,"passed_time":7.7720145,"remaining_time":7.64864919},
{"learn":[2.424604404],"iteration":504,"passed_time":7.786645757,"remaining_time":7.632454752},
{"learn":[2.424603974],"iteration":505,"passed_time":7.800853276,"remaining_time":7.615852803},
{"learn":[2.424604296],"iteration":506,"passed_time":7.814811435,"remaining_time":7.599017826},
{"learn":[2.424604189],"iteration":507,"passed_time":7.830147656,"remaining_time":7.583528832},
{"learn":[2.424604081],"iteration":508,"passed_time":7.844151104,"remaining_time":7.566754798},
{"learn":[2.424603974],"iteration":509,"passed_time":7.862643941,"remaining_time":7.554304963},
{"learn":[2.424603651],"iteration":510,"passed_time":7.879509083,"remaining_time":7.540273858},
{"learn":[2.424603866],"iteration":511,"passed_time":7.893628597,"remaining_time":7.523614757},
{"learn":[2.424603759],"iteration":512,"passed_time":7.908290811,"remaining_time":7.507480751},
{"learn":[2.424603651],"iteration":513,"passed_time":7.922170382,"remaining_time":7.490612463},
{"learn":[2.424603544],"iteration":514,"passed_time":7.93774111,"remaining_time":7.475348424},
{"learn":[2.424603544],"iteration":515,"passed_time":7.952083421,"remaining_time":7.458930961},
{"learn":[2.424603544],"iteration":516,"passed_time":7.968572962,"remaining_time":7.444527545},
{"learn":[2.424603759],"iteration":517,"passed_time":7.984635763,"remaining_time":7.429718992},
{"learn":[2.424602684],"iteration":518,"passed_time":8.001592761,"remaining_time":7.415734332},
{"learn":[2.424602362],"iteration":519,"passed_time":8.016579464,"remaining_time":7.399919506},
{"learn":[2.424602469],"iteration":520,"passed_time":8.031985335,"remaining_time":7.384493235},
{"learn":[2.424602362],"iteration":521,"passed_time":8.05015119,"remaining_time":7.371594385},
{"learn":[2.424602684],"iteration":522,"passed_time":8.065853966,"remaining_time":7.356428952},
{"learn":[2.424602469],"iteration":523,"passed_time":8.082364711,"remaining_time":7.341995425},
{"learn":[2.424602577],"iteration":524,"passed_time":8.097838042,"remaining_time":7.326615372},
{"learn":[2.424602039],"iteration":525,"passed_time":8.114997576,"remaining_time":7.312754469},
{"learn":[2.424602469],"iteration":526,"passed_time":8.13010984,"remaining_time":7.297043557},
{"learn":[2.424602147],"iteration":527,"passed_time":8.143675501,"remaining_time":7.279952342},
{"learn":[2.424602147],"iteration":528,"passed_time":8.157743193,"remaining_time":7.263321444},
{"learn":[2.424602254],"iteration":529,"passed_time":8.170416464,"remaining_time":7.245463657},
{"learn":[2.424602254],"iteration":530,"passed_time":8.182731825,"remaining_time":7.227309277},
{"learn":[2.424602039],"iteration":531,"passed_time":8.198729374,"remaining_time":7.212416066},
{"learn":[2.424602147],"iteration":532,"passed_time":8.218610415,"remaining_time":7.200921321},
{"learn":[2.424602254],"iteration":533,"passed_time":8.230455461,"remaining_time":7.182382481},
{"learn":[2.424602147],"iteration":534,"passed_time":8.242962805,"remaining_time":7.164444307},
{"learn":[2.424602147],"iteration":535,"passed_time":8.255324511,"remaining_time":7.146400323},
{"learn":[2.424602039],"iteration":536,"passed_time":8.270724649,"remaining_time":7.13099723},
{"learn":[2.424602147],"iteration":537,"passed_time":8.284354614,"remaining_time":7.114074036},
{"learn":[2.424602254],"iteration":538,"passed_time":8.300336814,"remaining_time":7.0991749},
{"learn":[2.424601932],"iteration":539,"passed_time":8.314752889,"remaining_time":7.082937646},
{"learn":[2.424602039],"iteration":540,"passed_time":8.328016004,"remaining_time":7.06572892},
{"learn":[2.424602039],"iteration":541,"passed_time":8.341223367,"remaining_time":7.048487642},
{"learn":[2.424601932],"iteration":542,"passed_time":8.357372003,"remaining_time":7.033736658},
{"learn":[2.424602147],"iteration":543,"passed_time":8.371042479,"remaining_time":7.016903254},
{"learn":[2.424601932],"iteration":544,"passed_time":8.382048176,"remaining_time":6.997856734},
{"learn":[2.424601932],"iteration":545,"passed_time":8.394589522,"remaining_time":6.980116562},
{"learn":[2.424601932],"iteration":546,"passed_time":8.407799774,"remaining_time":6.962949355},
{"learn":[2.424601932],"iteration":547,"passed_time":8.422223227,"remaining_time":6.94679726},
{"learn":[2.424602039],"iteration":548,"passed_time":8.436512766,"remaining_time":6.930541453},
{"learn":[2.424601609],"iteration":549,"passed_time":8.449184353,"remaining_time":6.912969016},
{"learn":[2.424601824],"iteration":550,"passed_time":8.462639358,"remaining_time":6.896052762},
{"learn":[2.424601609],"iteration":551,"passed_time":8.475046167,"remaining_time":6.878298338},
{"learn":[2.424601932],"iteration":552,"passed_time":8.488107407,"remaining_time":6.861092244},
{"learn":[2.424601394],"iteration":553,"passed_time":8.502910594,"remaining_time":6.845303475},
{"learn":[2.424601609],"iteration":554,"passed_time":8.516049545,"remaining_time":6.828183869},
{"learn":[2.424601502],"iteration":555,"passed_time":8.530357786,"remaining_time":6.812012332},
{"learn":[2.424601287],"iteration":556,"passed_time":8.545706838,"remaining_time":6.796675277},
{"learn":[2.424601609],"iteration":557,"passed_time":8.557024313,"remaining_time":6.778144706},
{"learn":[2.424601394],"iteration":558,"passed_time":8.568405808,"remaining_time":6.759690449},
{"learn":[2.424601287],"iteration":559,"passed_time":8.583321223,"remaining_time":6.744038103},
{"learn":[2.424601287],"iteration":560,"passed_time":8.598190301,"remaining_time":6.728352125},
{"learn":[2.424601287],"iteration":561,"passed_time":8.610331187,"remaining_time":6.710542811},
{"learn":[2.424601287],"iteration":562,"passed_time":8.623892323,"remaining_time":6.693856031},
{"learn":[2.424601502],"iteration":563,"passed_time":8.636800864,"remaining_time":6.676675845},
{"learn":[2.424601287],"iteration":564,"passed_time":8.650767735,"remaining_time":6.660325601},
{"learn":[2.424601394],"iteration":565,"passed_time":8.664056644,"remaining_time":6.643463928},
{"learn":[2.424601394],"iteration":566,"passed_time":8.681026982,"remaining_time":6.629426249},
{"learn":[2.424601179],"iteration":567,"passed_time":8.695144289,"remaining_time":6.613208332},
{"learn":[2.424601287],"iteration":568,"passed_time":8.710280041,"remaining_time":6.59776924},
{"learn":[2.424601394],"iteration":569,"passed_time":8.723017664,"remaining_time":6.580522097},
{"learn":[2.424600964],"iteration":570,"passed_time":8.736787478,"remaining_time":6.564066249},
{"learn":[2.424600964],"iteration":571,"passed_time":8.750358389,"remaining_time":6.547470962},
{"learn":[2.424600964],"iteration":572,"passed_time":8.761812313,"remaining_time":6.529308652},
{"learn":[2.424601072],"iteration":573,"passed_time":8.775754012,"remaining_time":6.513016044},
{"learn":[2.424600857],"iteration":574,"passed_time":8.790919366,"remaining_time":6.497636053},
{"learn":[2.424600857],"iteration":575,"passed_time":8.801810621,"remaining_time":6.479110596},
{"learn":[2.424601072],"iteration":576,"passed_time":8.813667,"remaining_time":6.461319136},
{"learn":[2.424600964],"iteration":577,"passed_time":8.828257133,"remaining_time":6.445544135},
{"learn":[2.424600964],"iteration":578,"passed_time":8.84285001,"remaining_time":6.429775223},
{"learn":[2.424600642],"iteration":579,"passed_time":8.856468022,"remaining_time":6.41330443},
{"learn":[2.42460075],"iteration":580,"passed_time":8.870049561,"remaining_time":6.396817153},
{"learn":[2.424600964],"iteration":581,"passed_time":8.884389021,"remaining_time":6.380884211},
{"learn":[2.42460075],"iteration":582,"passed_time":8.896293175,"remaining_time":6.363214844},
{"learn":[2.424600535],"iteration":583,"passed_time":8.910402852,"remaining_time":6.347136278},
{"learn":[2.424600535],"iteration":584,"passed_time":8.926757933,"remaining_time":6.332657337},
{"learn":[2.424600535],"iteration":585,"passed_time":8.940636427,"remaining_time":6.316422322},
{"learn":[2.424600535],"iteration":586,"passed_time":8.953260079,"remaining_time":6.299312458},
{"learn":[2.424600427],"iteration":587,"passed_time":8.967142755,"remaining_time":6.283100026},
{"learn":[2.424600427],"iteration":588,"passed_time":8.981053138,"remaining_time":6.266914838},
{"learn":[2.42460032],"iteration":589,"passed_time":8.996169081,"remaining_time":6.251575124},
{"learn":[2.42460032],"iteration":590,"passed_time":9.008122321,"remaining_time":6.234047427},
{"learn":[2.42460032],"iteration":591,"passed_time":9.021709913,"remaining_time":6.21766494},
{"learn":[2.42460032],"iteration":592,"passed_time":9.034322682,"remaining_time":6.200622819},
{"learn":[2.424600105],"iteration":593,"passed_time":9.049412508,"remaining_time":6.185288684},
{"learn":[2.424600105],"iteration":594,"passed_time":9.062878115,"remaining_time":6.16884981},
{"learn":[2.42460032],"iteration":595,"passed_time":9.074625992,"remaining_time":6.151256545},
{"learn":[2.42460032],"iteration":596,"passed_time":9.088934684,"remaining_time":6.13541152},
{"learn":[2.424599997],"iteration":597,"passed_time":9.104168428,"remaining_time":6.120193492},
{"learn":[2.424600427],"iteration":598,"passed_time":9.120155868,"remaining_time":6.105479972},
{"learn":[2.42460032],"iteration":599,"passed_time":9.136229165,"remaining_time":6.090819443},
{"learn":[2.424597955],"iteration":600,"passed_time":9.154094788,"remaining_time":6.077344127},
{"learn":[2.42459817],"iteration":601,"passed_time":9.166803945,"remaining_time":6.060445133},
{"learn":[2.424597955],"iteration":602,"passed_time":9.179531323,"remaining_time":6.043572032},
{"learn":[2.42459817],"iteration":603,"passed_time":9.195821832,"remaining_time":6.029048751},
{"learn":[2.42459817],"iteration":604,"passed_time":9.21320507,"remaining_time":6.015233062},
{"learn":[2.424598063],"iteration":605,"passed_time":9.228947502,"remaining_time":6.000338805},
{"learn":[2.42459817],"iteration":606,"passed_time":9.241885707,"remaining_time":5.983626166},
{"learn":[2.424597955],"iteration":607,"passed_time":9.25468037,"remaining_time":5.966833397},
{"learn":[2.42459817],"iteration":608,"passed_time":9.270456772,"remaining_time":5.951968141},
{"learn":[2.424598063],"iteration":609,"passed_time":9.284392506,"remaining_time":5.935923077},
{"learn":[2.42459817],"iteration":610,"passed_time":9.297646323,"remaining_time":5.919450768},
{"learn":[2.42459817],"iteration":611,"passed_time":9.310575613,"remaining_time":5.902783232},
{"learn":[2.424597955],"iteration":612,"passed_time":9.326861393,"remaining_time":5.888246916},
{"learn":[2.424351289],"iteration":613,"passed_time":9.348682832,"remaining_time":5.877184973},
{"learn":[2.424351289],"iteration":614,"passed_time":9.361255976,"remaining_time":5.860298456},
{"learn":[2.424351289],"iteration":615,"passed_time":9.373663286,"remaining_time":5.843322568},
{"learn":[2.424351504],"iteration":616,"passed_time":9.38752128,"remaining_time":5.827261994},
{"learn":[2.424351397],"iteration":617,"passed_time":9.399472835,"remaining_time":5.810030134},
{"learn":[2.424351504],"iteration":618,"passed_time":9.412090218,"remaining_time":5.793225158},
{"learn":[2.424351504],"iteration":619,"passed_time":9.425172688,"remaining_time":5.776718744},
{"learn":[2.424351182],"iteration":620,"passed_time":9.440412451,"remaining_time":5.761539966},
{"learn":[2.424351074],"iteration":621,"passed_time":9.453671297,"remaining_time":5.745157155},
{"learn":[2.424351182],"iteration":622,"passed_time":9.46689811,"remaining_time":5.728764988},
{"learn":[2.424351074],"iteration":623,"passed_time":9.477994275,"remaining_time":5.711099114},
{"learn":[2.424350967],"iteration":624,"passed_time":9.493310489,"remaining_time":5.695986293},
{"learn":[2.424351074],"iteration":625,"passed_time":9.507777912,"remaining_time":5.680365717},
{"learn":[2.424350967],"iteration":626,"passed_time":9.518942137,"remaining_time":5.662783759},
{"learn":[2.424350967],"iteration":627,"passed_time":9.531360117,"remaining_time":5.64596491},
{"learn":[2.424350859],"iteration":628,"passed_time":9.541968528,"remaining_time":5.628092725},
{"learn":[2.424350967],"iteration":629,"passed_time":9.556005433,"remaining_time":5.612257159},
{"learn":[2.424350967],"iteration":630,"passed_time":9.567282442,"remaining_time":5.594813346},
{"learn":[2.424350859],"iteration":631,"passed_time":9.580123375,"remaining_time":5.578299687},
{"learn":[2.424350644],"iteration":632,"passed_time":9.59268253,"remaining_time":5.561634263},
{"learn":[2.424350752],"iteration":633,"passed_time":9.607036444,"remaining_time":5.546017884},
{"learn":[2.424349462],"iteration":634,"passed_time":9.620819888,"remaining_time":5.530077573},
{"learn":[2.42434957],"iteration":635,"passed_time":9.634826066,"remaining_time":5.514271522},
{"learn":[2.424349355],"iteration":636,"passed_time":9.649965798,"remaining_time":5.499117087},
{"learn":[2.424349247],"iteration":637,"passed_time":9.663546412,"remaining_time":5.483078058},
{"learn":[2.424319044],"iteration":638,"passed_time":9.682445059,"remaining_time":5.470051121},
{"learn":[2.424319044],"iteration":639,"passed_time":9.693439072,"remaining_time":5.452559478},
{"learn":[2.424124593],"iteration":640,"passed_time":9.712323401,"remaining_time":5.439507178},
{"learn":[2.42406504],"iteration":641,"passed_time":9.727343216,"remaining_time":5.424281731},
{"learn":[2.423969365],"iteration":642,"passed_time":9.746481257,"remaining_time":5.411343404},
{"learn":[2.42396915],"iteration":643,"passed_time":9.758101799,"remaining_time":5.394230187},
{"learn":[2.42396915],"iteration":644,"passed_time":9.771751872,"remaining_time":5.37825103},
{"learn":[2.423915291],"iteration":645,"passed_time":9.789682043,"remaining_time":5.364624525},
{"learn":[2.423915183],"iteration":646,"passed_time":9.802110614,"remaining_time":5.347983071},
{"learn":[2.423914],"iteration":647,"passed_time":9.816750932,"remaining_time":5.332556062},
{"learn":[2.423512223],"iteration":648,"passed_time":9.835642283,"remaining_time":5.319430572},
{"learn":[2.423512115],"iteration":649,"passed_time":9.849302675,"remaining_time":5.303470671},
{"learn":[2.423429214],"iteration":650,"passed_time":9.867231531,"remaining_time":5.289806151},
{"learn":[2.423429429],"iteration":651,"passed_time":9.882851279,"remaining_time":5.274896082},
{"learn":[2.423252542],"iteration":652,"passed_time":9.902519526,"remaining_time":5.262135185},
{"learn":[2.423251467],"iteration":653,"passed_time":9.916569895,"remaining_time":5.246381015},
{"learn":[2.42325136],"iteration":654,"passed_time":9.928042447,"remaining_time":5.229274266},
{"learn":[2.423250607],"iteration":655,"passed_time":9.943011659,"remaining_time":5.214018309},
{"learn":[2.423250607],"iteration":656,"passed_time":9.955411615,"remaining_time":5.197421893},
{"learn":[2.423250284],"iteration":657,"passed_time":9.967471609,"remaining_time":5.180661536},
{"learn":[2.423249854],"iteration":658,"passed_time":9.981169998,"remaining_time":5.164763231},
{"learn":[2.423236412],"iteration":659,"passed_time":9.994336278,"remaining_time":5.148597476},
{"learn":[2.42323566],"iteration":660,"passed_time":10.00776133,"remaining_time":5.132573511},
{"learn":[2.423235767],"iteration":661,"passed_time":10.0212068,"remaining_time":5.116567824},
{"learn":[2.423183075],"iteration":662,"passed_time":10.03934824,"remaining_time":5.102956799},
{"learn":[2.423171783],"iteration":663,"passed_time":10.05436801,"remaining_time":5.087752486},
{"learn":[2.423171461],"iteration":664,"passed_time":10.0662361,"remaining_time":5.07096104},
{"learn":[2.423171138],"iteration":665,"passed_time":10.07982373,"remaining_time":5.055046736},
{"learn":[2.423169095],"iteration":666,"passed_time":10.09460875,"remaining_time":5.039737204},
{"learn":[2.423169095],"iteration":667,"passed_time":10.10534406,"remaining_time":5.022416509},
{"learn":[2.423168342],"iteration":668,"passed_time":10.12069709,"remaining_time":5.007400207},
{"learn":[2.423168234],"iteration":669,"passed_time":10.1356863,"remaining_time":4.992203699},
{"learn":[2.422779025],"iteration":670,"passed_time":10.1529145,"remaining_time":4.978105618},
{"learn":[2.422777734],"iteration":671,"passed_time":10.17011571,"remaining_time":4.963985051},
{"learn":[2.422777304],"iteration":672,"passed_time":10.18591626,"remaining_time":4.949174763},
{"learn":[2.422776766],"iteration":673,"passed_time":10.20046743,"remaining_time":4.933757242},
{"learn":[2.422681363],"iteration":674,"passed_time":10.22145856,"remaining_time":4.921443012},
{"learn":[2.422680933],"iteration":675,"passed_time":10.24080812,"remaining_time":4.908316318},
{"learn":[2.422680287],"iteration":676,"passed_time":10.25766614,"remaining_time":4.893982517},
{"learn":[2.422641888],"iteration":677,"passed_time":10.27476571,"remaining_time":4.879755985},
{"learn":[2.422606393],"iteration":678,"passed_time":10.29271738,"remaining_time":4.865923826},
{"learn":[2.422606285],"iteration":679,"passed_time":10.30933927,"remaining_time":4.851453772},
{"learn":[2.422606285],"iteration":680,"passed_time":10.32133272,"remaining_time":4.834809307},
{"learn":[2.42260607],"iteration":681,"passed_time":10.33246546,"remaining_time":4.817777151},
{"learn":[2.422602843],"iteration":682,"passed_time":10.34997111,"remaining_time":4.803720118},
{"learn":[2.422602736],"iteration":683,"passed_time":10.36565469,"remaining_time":4.78881123},
{"learn":[2.422602628],"iteration":684,"passed_time":10.37976557,"remaining_time":4.773176869},
{"learn":[2.422602413],"iteration":685,"passed_time":10.39398667,"remaining_time":4.757597396},
{"learn":[2.422602413],"iteration":686,"passed_time":10.40908404,"remaining_time":4.742421112},
{"learn":[2.422601983],"iteration":687,"passed_time":10.42301092,"remaining_time":4.726714254},
{"learn":[2.422602198],"iteration":688,"passed_time":10.4347689,"remaining_time":4.710033568},
{"learn":[2.42260166],"iteration":689,"passed_time":10.44681813,"remaining_time":4.693498001},
{"learn":[2.422570144],"iteration":690,"passed_time":10.46296872,"remaining_time":4.678809458},
{"learn":[2.422569176],"iteration":691,"passed_time":10.47771369,"remaining_time":4.663491063},
{"learn":[2.422565841],"iteration":692,"passed_time":10.49150149,"remaining_time":4.647750301},
{"learn":[2.422564551],"iteration":693,"passed_time":10.50485365,"remaining_time":4.631823081},
{"learn":[2.422564336],"iteration":694,"passed_time":10.51988887,"remaining_time":4.616641877},
{"learn":[2.422564228],"iteration":695,"passed_time":10.5350968,"remaining_time":4.601536534},
{"learn":[2.422556914],"iteration":696,"passed_time":10.5524904,"remaining_time":4.587381047},
{"learn":[2.422556698],"iteration":697,"passed_time":10.56743951,"remaining_time":4.572158641},
{"learn":[2.422556698],"iteration":698,"passed_time":10.58286956,"remaining_time":4.557144116},
{"learn":[2.422556591],"iteration":699,"passed_time":10.59765521,"remaining_time":4.541852234},
{"learn":[2.422528301],"iteration":700,"passed_time":10.61092658,"remaining_time":4.525915901},
{"learn":[2.422528301],"iteration":701,"passed_time":10.62568086,"remaining_time":4.51061666},
{"learn":[2.422528301],"iteration":702,"passed_time":10.64091187,"remaining_time":4.495520377},
{"learn":[2.422528086],"iteration":703,"passed_time":10.6564007,"remaining_time":4.480532114},
{"learn":[2.422528194],"iteration":704,"passed_time":10.68127303,"remaining_time":4.469468857},
{"learn":[2.422527978],"iteration":705,"passed_time":10.69412871,"remaining_time":4.453362379},
{"learn":[2.422527763],"iteration":706,"passed_time":10.71255208,"remaining_time":4.439572503},
{"learn":[2.422527978],"iteration":707,"passed_time":10.72395029,"remaining_time":4.422872153},
{"learn":[2.42246602],"iteration":708,"passed_time":10.74331336,"remaining_time":4.409455838},
{"learn":[2.422465805],"iteration":709,"passed_time":10.75642205,"remaining_time":4.39346816},
{"learn":[2.422130597],"iteration":710,"passed_time":10.77621505,"remaining_time":4.380205557},
{"learn":[2.422130597],"iteration":711,"passed_time":10.78869465,"remaining_time":4.363966376},
{"learn":[2.422104884],"iteration":712,"passed_time":10.81096316,"remaining_time":4.351678017},
{"learn":[2.422104884],"iteration":713,"passed_time":10.82631725,"remaining_time":4.336592065},
{"learn":[2.422081754],"iteration":714,"passed_time":10.86422067,"remaining_time":4.330493554},
{"learn":[2.422081538],"iteration":715,"passed_time":10.88066759,"remaining_time":4.315795526},
{"learn":[2.422079817],"iteration":716,"passed_time":10.90154902,"remaining_time":4.302842918},
{"learn":[2.422079817],"iteration":717,"passed_time":10.91621611,"remaining_time":4.287427496},
{"learn":[2.422078956],"iteration":718,"passed_time":10.93039107,"remaining_time":4.271821823},
{"learn":[2.422078096],"iteration":719,"passed_time":10.94365926,"remaining_time":4.255867492},
{"learn":[2.422077773],"iteration":720,"passed_time":10.95845698,"remaining_time":4.240512481},
{"learn":[2.422077665],"iteration":721,"passed_time":10.97091347,"remaining_time":4.22425754},
{"learn":[2.422077558],"iteration":722,"passed_time":10.98447288,"remaining_time":4.208435667},
{"learn":[2.422076482],"iteration":723,"passed_time":11.00186038,"remaining_time":4.194079373},
{"learn":[2.422076159],"iteration":724,"passed_time":11.01766667,"remaining_time":4.179114944},
{"learn":[2.422076051],"iteration":725,"passed_time":11.03229495,"remaining_time":4.163703604},
{"learn":[2.422075191],"iteration":726,"passed_time":11.0480214,"remaining_time":4.1487068},
{"learn":[2.422075298],"iteration":727,"passed_time":11.06128256,"remaining_time":4.132786889},
{"learn":[2.422075298],"iteration":728,"passed_time":11.07308203,"remaining_time":4.116330905},
{"learn":[2.422051737],"iteration":729,"passed_time":11.09016728,"remaining_time":4.101842692},
{"learn":[2.422051952],"iteration":730,"passed_time":11.10328993,"remaining_time":4.085889182},
{"learn":[2.421693015],"iteration":731,"passed_time":11.12209357,"remaining_time":4.072023329},
{"learn":[2.421693015],"iteration":732,"passed_time":11.1358532,"remaining_time":4.05630669},
{"learn":[2.421686343],"iteration":733,"passed_time":11.15353158,"remaining_time":4.042015532},
{"learn":[2.421686128],"iteration":734,"passed_time":11.16612007,"remaining_time":4.025880024},
{"learn":[2.421686128],"iteration":735,"passed_time":11.1814656,"remaining_time":4.010743096},
{"learn":[2.421686128],"iteration":736,"passed_time":11.19515317,"remaining_time":3.995013955},
{"learn":[2.421686128],"iteration":737,"passed_time":11.20705627,"remaining_time":3.978656832},
{"learn":[2.421685805],"iteration":738,"passed_time":11.22299106,"remaining_time":3.96373568},
{"learn":[2.421664822],"iteration":739,"passed_time":11.24224565,"remaining_time":3.949978201},
{"learn":[2.421642763],"iteration":740,"passed_time":11.26200352,"remaining_time":3.936381798},
{"learn":[2.421640719],"iteration":741,"passed_time":11.27820036,"remaining_time":3.921530582},
{"learn":[2.421640611],"iteration":742,"passed_time":11.29222622,"remaining_time":3.905924817},
{"learn":[2.421634908],"iteration":743,"passed_time":11.305665,"remaining_time":3.890121289},
{"learn":[2.421635016],"iteration":744,"passed_time":11.31938304,"remaining_time":3.874419697},
{"learn":[2.421634047],"iteration":745,"passed_time":11.33710978,"remaining_time":3.860088317},
{"learn":[2.421634047],"iteration":746,"passed_time":11.34958247,"remaining_time":3.84396836},
{"learn":[2.421634047],"iteration":747,"passed_time":11.36466892,"remaining_time":3.828738728},
{"learn":[2.42163394],"iteration":748,"passed_time":11.37798612,"remaining_time":3.812916578},
{"learn":[2.421633725],"iteration":749,"passed_time":11.39870604,"remaining_time":3.799568681},
{"learn":[2.421633617],"iteration":750,"passed_time":11.41692891,"remaining_time":3.785373233},
{"learn":[2.421632971],"iteration":751,"passed_time":11.43121823,"remaining_time":3.769869842},
{"learn":[2.421633079],"iteration":752,"passed_time":11.44353037,"remaining_time":3.753721118},
{"learn":[2.421632864],"iteration":753,"passed_time":11.45895893,"remaining_time":3.738599334},
{"learn":[2.421632971],"iteration":754,"passed_time":11.47752888,"remaining_time":3.724496126},
{"learn":[2.421632541],"iteration":755,"passed_time":11.49531505,"remaining_time":3.710128139},
{"learn":[2.421631465],"iteration":756,"passed_time":11.50888868,"remaining_time":3.694398877},
{"learn":[2.421631465],"iteration":757,"passed_time":11.52103679,"remaining_time":3.67822019},
{"learn":[2.421597784],"iteration":758,"passed_time":11.53848887,"remaining_time":3.663736254},
{"learn":[2.421535263],"iteration":759,"passed_time":11.55607393,"remaining_time":3.649286503},
{"learn":[2.421535263],"iteration":760,"passed_time":11.56894938,"remaining_time":3.633349411},
{"learn":[2.421409249],"iteration":761,"passed_time":11.58767255,"remaining_time":3.619246807},
{"learn":[2.421390954],"iteration":762,"passed_time":11.60794699,"remaining_time":3.605613942},
{"learn":[2.421052046],"iteration":763,"passed_time":11.6277984,"remaining_time":3.591833015},
{"learn":[2.421051938],"iteration":764,"passed_time":11.6412539,"remaining_time":3.576071458},
{"learn":[2.42105183],"iteration":765,"passed_time":11.65507408,"remaining_time":3.56042733},
{"learn":[2.421050001],"iteration":766,"passed_time":11.67070504,"remaining_time":3.545338036},
{"learn":[2.420738387],"iteration":767,"passed_time":11.69011714,"remaining_time":3.531389553},
{"learn":[2.420737633],"iteration":768,"passed_time":11.70389607,"remaining_time":3.51573471},
{"learn":[2.420737633],"iteration":769,"passed_time":11.71856647,"remaining_time":3.500351023},
{"learn":[2.420736772],"iteration":770,"passed_time":11.73532117,"remaining_time":3.485588259},
{"learn":[2.420736449],"iteration":771,"passed_time":11.75000034,"remaining_time":3.470207353},
{"learn":[2.420714059],"iteration":772,"passed_time":11.76884445,"remaining_time":3.456051347},
{"learn":[2.420714059],"iteration":773,"passed_time":11.78300688,"remaining_time":3.44051622},
{"learn":[2.420713951],"iteration":774,"passed_time":11.79768737,"remaining_time":3.425135044},
{"learn":[2.420713951],"iteration":775,"passed_time":11.81211073,"remaining_time":3.409681448},
{"learn":[2.420713844],"iteration":776,"passed_time":11.82632661,"remaining_time":3.394170957},
{"learn":[2.420713844],"iteration":777,"passed_time":11.84157286,"remaining_time":3.37895781},
{"learn":[2.420713844],"iteration":778,"passed_time":11.85452857,"remaining_time":3.363094755},
{"learn":[2.420713844],"iteration":779,"passed_time":11.86671184,"remaining_time":3.347021288},
{"learn":[2.420713736],"iteration":780,"passed_time":11.88052627,"remaining_time":3.331415176},
{"learn":[2.420713736],"iteration":781,"passed_time":11.89565962,"remaining_time":3.316181327},
{"learn":[2.420713736],"iteration":782,"passed_time":11.91056258,"remaining_time":3.300883881},
{"learn":[2.420713736],"iteration":783,"passed_time":11.92455302,"remaining_time":3.285336036},
{"learn":[2.420713305],"iteration":784,"passed_time":11.9367229,"remaining_time":3.269293532},
{"learn":[2.420709],"iteration":785,"passed_time":11.950187,"remaining_time":3.253613254},
{"learn":[2.420709215],"iteration":786,"passed_time":11.9655559,"remaining_time":3.238454139},
{"learn":[2.420709107],"iteration":787,"passed_time":11.98156424,"remaining_time":3.223466521},
{"learn":[2.420705232],"iteration":788,"passed_time":11.99609229,"remaining_time":3.208080449},
{"learn":[2.420692099],"iteration":789,"passed_time":12.01455321,"remaining_time":3.193741994},
{"learn":[2.420692207],"iteration":790,"passed_time":12.02899936,"remaining_time":3.178332322},
{"learn":[2.420691345],"iteration":791,"passed_time":12.04445757,"remaining_time":3.163190877},
{"learn":[2.420689838],"iteration":792,"passed_time":12.06179835,"remaining_time":3.148540049},
{"learn":[2.420688439],"iteration":793,"passed_time":12.0769311,"remaining_time":3.133309579},
{"learn":[2.420656252],"iteration":794,"passed_time":12.09453433,"remaining_time":3.118716401},
{"learn":[2.420636875],"iteration":795,"passed_time":12.11230922,"remaining_time":3.104159649},
{"learn":[2.420619651],"iteration":796,"passed_time":12.12969646,"remaining_time":3.089496087},
{"learn":[2.42061922],"iteration":797,"passed_time":12.14528046,"remaining_time":3.07436924},
{"learn":[2.420619113],"iteration":798,"passed_time":12.15796431,"remaining_time":3.058511672},
{"learn":[2.420619113],"iteration":799,"passed_time":12.17020414,"remaining_time":3.042551034},
{"learn":[2.420618682],"iteration":800,"passed_time":12.1870098,"remaining_time":3.027734019},
{"learn":[2.420578097],"iteration":801,"passed_time":12.20646965,"remaining_time":3.01356732},
{"learn":[2.420577774],"iteration":802,"passed_time":12.22114891,"remaining_time":2.998214615},
{"learn":[2.420577882],"iteration":803,"passed_time":12.23562156,"remaining_time":2.982813216},
{"learn":[2.420577882],"iteration":804,"passed_time":12.25052761,"remaining_time":2.967519112},
{"learn":[2.420573361],"iteration":805,"passed_time":12.26772216,"remaining_time":2.952776797},
{"learn":[2.420569485],"iteration":806,"passed_time":12.28251496,"remaining_time":2.937454012},
{"learn":[2.420065293],"iteration":807,"passed_time":12.29972067,"remaining_time":2.922705902},
{"learn":[2.420065293],"iteration":808,"passed_time":12.31164746,"remaining_time":2.906705395},
{"learn":[2.420064755],"iteration":809,"passed_time":12.32467479,"remaining_time":2.8909731},
{"learn":[2.420064647],"iteration":810,"passed_time":12.34066367,"remaining_time":2.87593765},
{"learn":[2.420064647],"iteration":811,"passed_time":12.35334171,"remaining_time":2.860133302},
{"learn":[2.420064109],"iteration":812,"passed_time":12.36904719,"remaining_time":2.845032994},
{"learn":[2.420064109],"iteration":813,"passed_time":12.38483382,"remaining_time":2.829949743},
{"learn":[2.420064217],"iteration":814,"passed_time":12.40018876,"remaining_time":2.814766774},
{"learn":[2.420064217],"iteration":815,"passed_time":12.41467348,"remaining_time":2.799387157},
{"learn":[2.420064001],"iteration":816,"passed_time":12.42903919,"remaining_time":2.783983074},
{"learn":[2.420047204],"iteration":817,"passed_time":12.44931403,"remaining_time":2.769896276},
{"learn":[2.419969353],"iteration":818,"passed_time":12.46926013,"remaining_time":2.755721714},
{"learn":[2.419969353],"iteration":819,"passed_time":12.48370472,"remaining_time":2.740325427},
{"learn":[2.419969353],"iteration":820,"passed_time":12.49805355,"remaining_time":2.724910579},
{"learn":[2.41996946],"iteration":821,"passed_time":12.51377156,"remaining_time":2.709794815},
{"learn":[2.419969245],"iteration":822,"passed_time":12.52904042,"remaining_time":2.69458099},
{"learn":[2.419969245],"iteration":823,"passed_time":12.54075837,"remaining_time":2.678608584},
{"learn":[2.419969353],"iteration":824,"passed_time":12.55220384,"remaining_time":2.662588693},
{"learn":[2.419969353],"iteration":825,"passed_time":12.56662632,"remaining_time":2.647206998},
{"learn":[2.419969353],"iteration":826,"passed_time":12.5832665,"remaining_time":2.632291541},
{"learn":[2.419969353],"iteration":827,"passed_time":12.59742964,"remaining_time":2.616857365},
{"learn":[2.419969245],"iteration":828,"passed_time":12.61088515,"remaining_time":2.601280289},
{"learn":[2.419969353],"iteration":829,"passed_time":12.62485443,"remaining_time":2.585813559},
{"learn":[2.419969245],"iteration":830,"passed_time":12.63898024,"remaining_time":2.570382263},
{"learn":[2.419969137],"iteration":831,"passed_time":12.65143729,"remaining_time":2.554617145},
{"learn":[2.419969137],"iteration":832,"passed_time":12.66252346,"remaining_time":2.538585136},
{"learn":[2.41996903],"iteration":833,"passed_time":12.67383934,"remaining_time":2.522610709},
{"learn":[2.419968599],"iteration":834,"passed_time":12.68798096,"remaining_time":2.507205818},
{"learn":[2.419968491],"iteration":835,"passed_time":12.70409484,"remaining_time":2.492190853},
{"learn":[2.419968491],"iteration":836,"passed_time":12.71697568,"remaining_time":2.476543651},
{"learn":[2.419968384],"iteration":837,"passed_time":12.7345918,"remaining_time":2.461818463},
{"learn":[2.419967414],"iteration":838,"passed_time":12.74926776,"remaining_time":2.446522181},
{"learn":[2.419967414],"iteration":839,"passed_time":12.75976074,"remaining_time":2.430430616},
{"learn":[2.419966984],"iteration":840,"passed_time":12.77534098,"remaining_time":2.415314168},
{"learn":[2.419966984],"iteration":841,"passed_time":12.78685924,"remaining_time":2.399434393},
{"learn":[2.419967091],"iteration":842,"passed_time":12.80070786,"remaining_time":2.383998973},
{"learn":[2.419967091],"iteration":843,"passed_time":12.81304687,"remaining_time":2.368288283},
{"learn":[2.419966984],"iteration":844,"passed_time":12.82822298,"remaining_time":2.353105991},
{"learn":[2.419966984],"iteration":845,"passed_time":12.83955772,"remaining_time":2.337224455},
{"learn":[2.419966876],"iteration":846,"passed_time":12.85093519,"remaining_time":2.321361375},
{"learn":[2.419966984],"iteration":847,"passed_time":12.86293968,"remaining_time":2.305621263},
{"learn":[2.419966984],"iteration":848,"passed_time":12.87485981,"remaining_time":2.289874949},
{"learn":[2.419967091],"iteration":849,"passed_time":12.88909291,"remaining_time":2.274545807},
{"learn":[2.419927034],"iteration":850,"passed_time":12.90720515,"remaining_time":2.259898433},
{"learn":[2.419927142],"iteration":851,"passed_time":12.92065342,"remaining_time":2.244432753},
{"learn":[2.419927142],"iteration":852,"passed_time":12.93542617,"remaining_time":2.229200055},
{"learn":[2.419663415],"iteration":853,"passed_time":12.95547059,"remaining_time":2.21486968},
{"learn":[2.419663523],"iteration":854,"passed_time":12.96870407,"remaining_time":2.199370865},
{"learn":[2.419663523],"iteration":855,"passed_time":12.98140754,"remaining_time":2.183788183},
{"learn":[2.419663523],"iteration":856,"passed_time":12.99426176,"remaining_time":2.168237377},
{"learn":[2.419663415],"iteration":857,"passed_time":13.01041605,"remaining_time":2.153239021},
{"learn":[2.419663415],"iteration":858,"passed_time":13.02148657,"remaining_time":2.1374035},
{"learn":[2.41966223],"iteration":859,"passed_time":13.03923119,"remaining_time":2.122665542},
{"learn":[2.419662554],"iteration":860,"passed_time":13.05308081,"remaining_time":2.107291792},
{"learn":[2.419662554],"iteration":861,"passed_time":13.06642162,"remaining_time":2.09184012},
{"learn":[2.419662338],"iteration":862,"passed_time":13.07917636,"remaining_time":2.076300302},
{"learn":[2.41966223],"iteration":863,"passed_time":13.09083837,"remaining_time":2.060594929},
{"learn":[2.419662015],"iteration":864,"passed_time":13.10263263,"remaining_time":2.044919543},
{"learn":[2.419661907],"iteration":865,"passed_time":13.11620832,"remaining_time":2.02952877},
{"learn":[2.419638753],"iteration":866,"passed_time":13.13372073,"remaining_time":2.014746087},
{"learn":[2.419638753],"iteration":867,"passed_time":13.14977725,"remaining_time":1.999735711},
{"learn":[2.419638753],"iteration":868,"passed_time":13.16345775,"remaining_time":1.984364746},
{"learn":[2.419638753],"iteration":869,"passed_time":13.1756459,"remaining_time":1.968774674},
{"learn":[2.419638753],"iteration":870,"passed_time":13.18799877,"remaining_time":1.95321681},
{"learn":[2.419638753],"iteration":871,"passed_time":13.19992524,"remaining_time":1.937603706},
{"learn":[2.419638753],"iteration":872,"passed_time":13.21421534,"remaining_time":1.922342895},
{"learn":[2.419638753],"iteration":873,"passed_time":13.22786778,"remaining_time":1.90699238},
{"learn":[2.419638646],"iteration":874,"passed_time":13.24167284,"remaining_time":1.891667549},
{"learn":[2.419638538],"iteration":875,"passed_time":13.25642732,"remaining_time":1.87648058},
{"learn":[2.419638538],"iteration":876,"passed_time":13.26913893,"remaining_time":1.861008083},
{"learn":[2.419638538],"iteration":877,"passed_time":13.28074679,"remaining_time":1.845388507},
{"learn":[2.419638646],"iteration":878,"passed_time":13.29588511,"remaining_time":1.830264048},
{"learn":[2.419638538],"iteration":879,"passed_time":13.31111851,"remaining_time":1.815152524},
{"learn":[2.419638538],"iteration":880,"passed_time":13.32226,"remaining_time":1.799488014},
{"learn":[2.419638538],"iteration":881,"passed_time":13.33445447,"remaining_time":1.783974635},
{"learn":[2.419638538],"iteration":882,"passed_time":13.34603454,"remaining_time":1.768387363},
{"learn":[2.419638215],"iteration":883,"passed_time":13.35838789,"remaining_time":1.752910628},
{"learn":[2.419638215],"iteration":884,"passed_time":13.36938135,"remaining_time":1.737264243},
{"learn":[2.419638107],"iteration":885,"passed_time":13.38191628,"remaining_time":1.7218267},
{"learn":[2.419638215],"iteration":886,"passed_time":13.39646346,"remaining_time":1.706652053},
{"learn":[2.419637892],"iteration":887,"passed_time":13.41212024,"remaining_time":1.691618769},
{"learn":[2.419637999],"iteration":888,"passed_time":13.42500355,"remaining_time":1.676237789},
{"learn":[2.419637999],"iteration":889,"passed_time":13.43961923,"remaining_time":1.661076534},
{"learn":[2.419637999],"iteration":890,"passed_time":13.45224972,"remaining_time":1.645673647},
{"learn":[2.419637999],"iteration":891,"passed_time":13.46342034,"remaining_time":1.63010022},
{"learn":[2.419637999],"iteration":892,"passed_time":13.47496705,"remaining_time":1.614581719},
{"learn":[2.419637461],"iteration":893,"passed_time":13.49048922,"remaining_time":1.599543465},
{"learn":[2.419637461],"iteration":894,"passed_time":13.505253,"remaining_time":1.584415156},
{"learn":[2.419637461],"iteration":895,"passed_time":13.51978894,"remaining_time":1.569261216},
{"learn":[2.419637353],"iteration":896,"passed_time":13.5337504,"remaining_time":1.554042688},
{"learn":[2.419636922],"iteration":897,"passed_time":13.54869633,"remaining_time":1.538938782},
{"learn":[2.41963703],"iteration":898,"passed_time":13.56458782,"remaining_time":1.523941457},
{"learn":[2.41963703],"iteration":899,"passed_time":13.57847175,"remaining_time":1.508719083},
{"learn":[2.41963703],"iteration":900,"passed_time":13.59229668,"remaining_time":1.493493197},
{"learn":[2.41963703],"iteration":901,"passed_time":13.60986775,"remaining_time":1.478677427},
{"learn":[2.41963703],"iteration":902,"passed_time":13.62120203,"remaining_time":1.4631856},
{"learn":[2.41963703],"iteration":903,"passed_time":13.63498499,"remaining_time":1.447963008},
{"learn":[2.41963703],"iteration":904,"passed_time":13.64643064,"remaining_time":1.432498244},
{"learn":[2.41963703],"iteration":905,"passed_time":13.66186521,"remaining_time":1.417456214},
{"learn":[2.419617753],"iteration":906,"passed_time":13.68129065,"remaining_time":1.402822525},
{"learn":[2.419617753],"iteration":907,"passed_time":13.69598072,"remaining_time":1.387698487},
{"learn":[2.41961786],"iteration":908,"passed_time":13.70859889,"remaining_time":1.372367985},
{"learn":[2.419617645],"iteration":909,"passed_time":13.72419321,"remaining_time":1.35733779},
{"learn":[2.419586844],"iteration":910,"passed_time":13.74886909,"remaining_time":1.343193577},
{"learn":[2.419586844],"iteration":911,"passed_time":13.76161703,"remaining_time":1.327875327},
{"learn":[2.419586844],"iteration":912,"passed_time":13.77311361,"remaining_time":1.312443465},
{"learn":[2.419586844],"iteration":913,"passed_time":13.78716849,"remaining_time":1.29726093},
{"learn":[2.419586844],"iteration":914,"passed_time":13.79884895,"remaining_time":1.281860285},
{"learn":[2.419586844],"iteration":915,"passed_time":13.80948234,"remaining_time":1.266371743},
{"learn":[2.419586521],"iteration":916,"passed_time":13.82509327,"remaining_time":1.25134432},
{"learn":[2.419586521],"iteration":917,"passed_time":13.83768618,"remaining_time":1.236046042},
{"learn":[2.419586521],"iteration":918,"passed_time":13.84933613,"remaining_time":1.22067054},
{"learn":[2.419564874],"iteration":919,"passed_time":13.86873323,"remaining_time":1.205976803},
{"learn":[2.419564766],"iteration":920,"passed_time":13.88326711,"remaining_time":1.190855702},
{"learn":[2.419564658],"iteration":921,"passed_time":13.89791395,"remaining_time":1.175745432},
{"learn":[2.419564551],"iteration":922,"passed_time":13.91111652,"remaining_time":1.16051568},
{"learn":[2.419564551],"iteration":923,"passed_time":13.92822228,"remaining_time":1.145611356},
{"learn":[2.419564551],"iteration":924,"passed_time":13.93946572,"remaining_time":1.13022695},
{"learn":[2.419564551],"iteration":925,"passed_time":13.95454417,"remaining_time":1.115157957},
{"learn":[2.419564551],"iteration":926,"passed_time":13.96784214,"remaining_time":1.099948734},
{"learn":[2.419554427],"iteration":927,"passed_time":13.98644727,"remaining_time":1.085155392},
{"learn":[2.419554212],"iteration":928,"passed_time":14.0017031,"remaining_time":1.070097869},
{"learn":[2.419553996],"iteration":929,"passed_time":14.01485819,"remaining_time":1.054881799},
{"learn":[2.419554104],"iteration":930,"passed_time":14.02642958,"remaining_time":1.039552783},
{"learn":[2.419554104],"iteration":931,"passed_time":14.04031494,"remaining_time":1.024400661},
{"learn":[2.419401275],"iteration":932,"passed_time":14.05891528,"remaining_time":1.009589843},
{"learn":[2.419380165],"iteration":933,"passed_time":14.08112407,"remaining_time":0.9950258979},
{"learn":[2.419380057],"iteration":934,"passed_time":14.09733124,"remaining_time":0.9800283751},
{"learn":[2.419379626],"iteration":935,"passed_time":14.11314191,"remaining_time":0.9650011561},
{"learn":[2.419379626],"iteration":936,"passed_time":14.12496888,"remaining_time":0.9497044181},
{"learn":[2.419370041],"iteration":937,"passed_time":14.15524837,"remaining_time":0.9356347538},
{"learn":[2.419369933],"iteration":938,"passed_time":14.17187796,"remaining_time":0.920643829},
{"learn":[2.419369825],"iteration":939,"passed_time":14.18452258,"remaining_time":0.9053950582},
{"learn":[2.419369825],"iteration":940,"passed_time":14.19690662,"remaining_time":0.8901354841},
{"learn":[2.419369717],"iteration":941,"passed_time":14.20981712,"remaining_time":0.87491443},
{"learn":[2.419369717],"iteration":942,"passed_time":14.22378638,"remaining_time":0.8597622734},
{"learn":[2.419369717],"iteration":943,"passed_time":14.2379413,"remaining_time":0.8446236361},
{"learn":[2.419369717],"iteration":944,"passed_time":14.24987175,"remaining_time":0.8293576151},
{"learn":[2.419369933],"iteration":945,"passed_time":14.26336578,"remaining_time":0.8141878984},
{"learn":[2.419369717],"iteration":946,"passed_time":14.27709615,"remaining_time":0.7990349484},
{"learn":[2.419369071],"iteration":947,"passed_time":14.2923639,"remaining_time":0.783969328},
{"learn":[2.419369071],"iteration":948,"passed_time":14.3084833,"remaining_time":0.7689490497},
{"learn":[2.419368964],"iteration":949,"passed_time":14.32374131,"remaining_time":0.7538811215},
{"learn":[2.419368964],"iteration":950,"passed_time":14.33736353,"remaining_time":0.73872851},
{"learn":[2.419368964],"iteration":951,"passed_time":14.35022405,"remaining_time":0.7235407082},
{"learn":[2.419368748],"iteration":952,"passed_time":14.36312963,"remaining_time":0.708360013},
{"learn":[2.41934893],"iteration":953,"passed_time":14.38159717,"remaining_time":0.6934522746},
{"learn":[2.41934893],"iteration":954,"passed_time":14.39643529,"remaining_time":0.6783660608},
{"learn":[2.41934893],"iteration":955,"passed_time":14.41016989,"remaining_time":0.6632295765},
{"learn":[2.41934893],"iteration":956,"passed_time":14.42534274,"remaining_time":0.6481606457},
{"learn":[2.41934893],"iteration":957,"passed_time":14.43922048,"remaining_time":0.6330347184},
{"learn":[2.419349145],"iteration":958,"passed_time":14.45191674,"remaining_time":0.6178608827},
{"learn":[2.419348822],"iteration":959,"passed_time":14.46546708,"remaining_time":0.6027277948},
{"learn":[2.419299492],"iteration":960,"passed_time":14.48653433,"remaining_time":0.5879030583},
{"learn":[2.419299492],"iteration":961,"passed_time":14.5004804,"remaining_time":0.5727840491},
{"learn":[2.419299492],"iteration":962,"passed_time":14.51361116,"remaining_time":0.5576361507},
{"learn":[2.419299492],"iteration":963,"passed_time":14.52663618,"remaining_time":0.542488488},
{"learn":[2.419299169],"iteration":964,"passed_time":14.54138129,"remaining_time":0.5274076117},
{"learn":[2.419299061],"iteration":965,"passed_time":14.55698556,"remaining_time":0.5123576697},
{"learn":[2.419299061],"iteration":966,"passed_time":14.56952834,"remaining_time":0.4972021047},
{"learn":[2.419298953],"iteration":967,"passed_time":14.582276,"remaining_time":0.4820587108},
{"learn":[2.419298953],"iteration":968,"passed_time":14.5953842,"remaining_time":0.4669317958},
{"learn":[2.419298953],"iteration":969,"passed_time":14.60877108,"remaining_time":0.4518176622},
{"learn":[2.419298092],"iteration":970,"passed_time":14.62343885,"remaining_time":0.4367453416},
{"learn":[2.419297876],"iteration":971,"passed_time":14.64742765,"remaining_time":0.4219423604},
{"learn":[2.419297984],"iteration":972,"passed_time":14.66081818,"remaining_time":0.4068264038},
{"learn":[2.419297984],"iteration":973,"passed_time":14.67439997,"remaining_time":0.3917190957},
{"learn":[2.419297769],"iteration":974,"passed_time":14.69107355,"remaining_time":0.3766941935},
{"learn":[2.419297769],"iteration":975,"passed_time":14.70479793,"remaining_time":0.3615933918},
{"learn":[2.419274395],"iteration":976,"passed_time":14.72275946,"remaining_time":0.3465951562},
{"learn":[2.419274503],"iteration":977,"passed_time":14.7365674,"remaining_time":0.3314974261},
{"learn":[2.419251884],"iteration":978,"passed_time":14.75504404,"remaining_time":0.3165024768},
{"learn":[2.419251884],"iteration":979,"passed_time":14.76894317,"remaining_time":0.3014070036},
{"learn":[2.419228403],"iteration":980,"passed_time":14.78668836,"remaining_time":0.2863884597},
{"learn":[2.419228403],"iteration":981,"passed_time":14.80130069,"remaining_time":0.2713069372},
{"learn":[2.419228295],"iteration":982,"passed_time":14.81412121,"remaining_time":0.2561953821},
{"learn":[2.419228295],"iteration":983,"passed_time":14.82589797,"remaining_time":0.2410715117},
{"learn":[2.419228403],"iteration":984,"passed_time":14.83700091,"remaining_time":0.2259441763},
{"learn":[2.419228403],"iteration":985,"passed_time":14.84808685,"remaining_time":0.2108247625},
{"learn":[2.419228403],"iteration":986,"passed_time":14.86253683,"remaining_time":0.1957578306},
{"learn":[2.419228403],"iteration":987,"passed_time":14.87540696,"remaining_time":0.180672959},
{"learn":[2.41922851],"iteration":988,"passed_time":14.88783996,"remaining_time":0.1655877044},
{"learn":[2.419228295],"iteration":989,"passed_time":14.90153571,"remaining_time":0.1505205627},
{"learn":[2.419228079],"iteration":990,"passed_time":14.91408606,"remaining_time":0.1354457866},
{"learn":[2.419227325],"iteration":991,"passed_time":14.92754815,"remaining_time":0.1203834528},
{"learn":[2.419227218],"iteration":992,"passed_time":14.94051772,"remaining_time":0.1053208701},
{"learn":[2.419227218],"iteration":993,"passed_time":14.95077733,"remaining_time":0.09024614084},
{"learn":[2.419145893],"iteration":994,"passed_time":14.96482195,"remaining_time":0.07520011029},
{"learn":[2.419145785],"iteration":995,"passed_time":14.97756041,"remaining_time":0.060150845},
{"learn":[2.419142446],"iteration":996,"passed_time":14.99500294,"remaining_time":0.04512036993},
{"learn":[2.419142123],"iteration":997,"passed_time":15.00789696,"remaining_time":0.0300759458},
{"learn":[2.419137276],"iteration":998,"passed_time":15.02122314,"remaining_time":0.0150362594},
{"learn":[2.419137168],"iteration":999,"passed_time":15.03237448,"remaining_time":0}
]}